name,email,password,gender,dob,profession,roles,enrolled,major
Alia Dyos,adyos0@webs.com,NwvX65L9BWF9,Female,1997-02-27,Compensation Analyst,STUDENT,1,BIT
Talia Brundle,tbrundle1@earthlink.net,18muzCcC,Female,1999-05-05,Recruiting Manager,STUDENT,1,BIT
Laurianne Habden,lhabden2@chronoengine.com,jh2DQcU0XBZd,Female,1996-11-06,Chief Design Engineer,STUDENT,1,BIT
Oralia Thickin,othickin3@cpanel.net,zPuN9wl,Female,1993-12-25,Software Test Engineer III,STUDENT,1,BIT
Bondy Cadigan,bcadigan4@nih.gov,0SxUGBp2,Male,1984-03-10,Web Developer II,FACULTY,,
Hagan Heeps,hheeps5@mtv.com,HxbT4y4i,Male,1994-03-15,Technical Writer,STUDENT,1,BIT
Mollie Rekes,mrekes6@state.gov,uAO5KBlHla,Genderqueer,1993-06-28,Marketing Manager,STUDENT,1,BIT
Elsbeth Guillet,eguillet7@instagram.com,xDaIQ2QI,Female,1982-11-08,Human Resources Assistant I,FACULTY,,
Charlean Goodwell,cgoodwell8@mac.com,ZAlUunT7YUh,Female,1997-03-19,Data Coordiator,STUDENT,1,BIT
Fania Longfield,flongfield9@clickbank.net,q3berhuC,Female,1991-09-03,Staff Scientist,STUDENT,1,BIT
Hurlee Harroway,hharrowaya@home.pl,SNgDEC211P,Male,1984-11-10,Registered Nurse,FACULTY,,
Katrinka Eadington,keadingtonb@alibaba.com,PleX08XE,Non-binary,1981-03-11,Operator,FACULTY,,
Geoffry Goulston,ggoulstonc@msu.edu,XPj94L64,Male,1987-08-30,Food Chemist,FACULTY,,
Simona Sempill,ssempilld@spiegel.de,IlgyBc,Female,1997-12-13,Internal Auditor,STUDENT,1,BIT
Fawn Laven,flavene@rakuten.co.jp,PtyAif,Female,1994-10-05,Dental Hygienist,STUDENT,1,BIT
Bernetta Cabrer,bcabrerf@360.cn,AAVaiZ,Female,1985-07-17,Operator,FACULTY,,
Elvira Solly,esollyg@4shared.com,KLIqx6S5RU,Female,1979-06-22,Quality Control Specialist,FACULTY,,
Rosalie Van den Broek,rvanh@jigsy.com,3K62b70KpFwN,Female,1980-06-26,Account Coordinator,FACULTY,,
Klara Worrill,kworrilli@hexun.com,X00W2AyD,Polygender,1996-11-02,Human Resources Assistant III,STUDENT,1,BIT
Kailey Boyes,kboyesj@addthis.com,ZKVb37p8PdK,Female,1993-04-07,Chemical Engineer,STUDENT,1,BIT
Lida Pochin,lpochink@google.com.au,DAe5pp8nvYH,Female,1995-09-20,Recruiter,STUDENT,1,BIT
Jack Scaysbrook,jscaysbrookl@spiegel.de,2CoWby7f,Male,2001-02-25,Geologist III,STUDENT,1,BIT
Gerianne Matantsev,gmatantsevm@cdc.gov,3KDEZt65,Female,1994-05-14,Design Engineer,STUDENT,1,BIT
Jocelin Barge,jbargen@cnn.com,3bhWOif9bHu,Female,1980-03-11,Accountant III,FACULTY,,
Kerianne Gumly,kgumlyo@uol.com.br,JEUF04vs,Female,1988-05-09,Mechanical Systems Engineer,FACULTY,,
Natty Aleavy,naleavyp@zimbio.com,JBDm3Jnrqa,Female,1993-06-11,Administrative Officer,STUDENT,1,BIT
Karalynn Bransom,kbransomq@discovery.com,gPLsOg2sZUCg,Agender,1997-11-05,Librarian,STUDENT,1,BIT
Miguela Tilliard,mtilliardr@princeton.edu,FfrD9BmYEO,Female,1993-04-13,Software Engineer II,STUDENT,1,BIT
Lars Adnet,ladnets@ucoz.com,0He5MvOwOI,Male,1993-12-01,Nurse,STUDENT,1,BIT
Doloritas Vedenichev,dvedenichevt@amazon.co.jp,EFIJzV,Female,1990-08-22,Geological Engineer,STUDENT,1,BIT
Dagny Halliberton,dhallibertonu@oracle.com,BqpqWR9W,Male,1991-12-24,Accounting Assistant I,STUDENT,1,BIT
Pearla Tremayne,ptremaynev@epa.gov,R083Cj,Female,1991-11-13,Technical Writer,STUDENT,1,BIT
Rocky Esbrook,resbrookw@pinterest.com,JavDpuJpNxt,Male,1998-11-26,Account Representative I,STUDENT,1,BIT
Lew Woodfin,lwoodfinx@addthis.com,mDulXW8W7NJF,Male,1983-04-30,Research Nurse,FACULTY,,
Ainslee Soars,asoarsy@msu.edu,0UGML17x,Female,1996-08-07,Account Coordinator,STUDENT,1,BIT
Julius Ganforth,jganforthz@deliciousdays.com,tnMI27,Male,1983-11-09,Compensation Analyst,FACULTY,,
Zeb Dimitrov,zdimitrov10@mac.com,Mc71Io7EiT,Male,1982-12-22,Clinical Specialist,FACULTY,,
Bourke Booij,bbooij11@360.cn,IIZyz2G,Male,1989-08-13,Pharmacist,STUDENT,1,BIT
Kathi Mattussevich,kmattussevich12@loc.gov,nwYokVXhwBd8,Female,1994-02-12,Geologist III,STUDENT,1,BIT
Elwin Jennemann,ejennemann13@yellowpages.com,xjysynpxvrr,Male,1985-05-08,Office Assistant III,FACULTY,,
Jdavie Boullin,jboullin14@yolasite.com,XC4GhB,Male,1994-09-15,Director of Sales,STUDENT,1,BIT
Anstice Gerckens,agerckens15@un.org,5lW2zyX,Female,1998-07-12,Geological Engineer,STUDENT,1,BIT
Isaac Defond,idefond16@mozilla.org,8PGJIXsg7,Male,1980-10-09,Desktop Support Technician,FACULTY,,
Bar Tarborn,btarborn17@furl.net,9XIj9j5mxQf,Male,1989-03-29,Senior Cost Accountant,FACULTY,,
Winston Sommers,wsommers18@unesco.org,NotuRS,Male,1990-12-30,Administrative Officer,STUDENT,1,BIT
Larissa McAuslene,lmcauslene19@dailymail.co.uk,jcyIprkGn3,Female,1990-10-07,Social Worker,STUDENT,1,BIT
Ollie Mill,omill1a@vkontakte.ru,R3DCVdw5jhoU,Female,2000-02-13,Analog Circuit Design manager,STUDENT,1,BIT
Nedda Chitson,nchitson1b@uol.com.br,risMuZ9t,Female,1989-03-17,Payment Adjustment Coordinator,FACULTY,,
Jandy Miquelet,jmiquelet1c@ucoz.com,3wd4NCn0j,Female,1988-10-10,Staff Scientist,FACULTY,,
Norene Thibodeaux,nthibodeaux1d@wix.com,yj6Nt8yek,Female,1997-11-06,Senior Cost Accountant,STUDENT,1,BIT
Jakie Fomichyov,jfomichyov1e@live.com,jT92aH,Male,1979-12-22,GIS Technical Architect,FACULTY,,
Arther Colleford,acolleford1f@over-blog.com,rvpi9iiN,Male,1997-09-18,Senior Editor,STUDENT,1,BIT
Glyn O'Lehane,golehane1g@sitemeter.com,i3fvXmJ6,Female,1999-07-18,Accountant II,STUDENT,1,BIT
D'arcy Elderkin,delderkin1h@craigslist.org,zILyAXSa4r,Male,1990-10-23,Community Outreach Specialist,STUDENT,1,BIT
Clovis Bramham,cbramham1i@accuweather.com,rmDwnx,Polygender,1989-11-18,Assistant Media Planner,STUDENT,1,BIT
Myrta Wickey,mwickey1j@blogs.com,ZTSfiG,Female,1980-09-17,Senior Editor,FACULTY,,
Elbert Sirey,esirey1k@umn.edu,uUNiZV,Male,1994-07-06,Marketing Assistant,STUDENT,1,BIT
Barnabe Dicty,bdicty1l@qq.com,o3TjMW1S,Male,1995-11-21,Account Coordinator,STUDENT,1,BIT
Ninette Griswood,ngriswood1m@java.com,kAxNE6Da,Female,2000-02-11,Media Manager III,STUDENT,1,BIT
Adelina Sterricks,asterricks1n@who.int,nkpmo94fbzv3,Female,1993-05-20,Sales Associate,STUDENT,1,BIT
Elbert Simonaitis,esimonaitis1o@themeforest.net,4KC7YAFvo,Male,1990-05-05,Administrative Officer,STUDENT,1,BIT
Nonah Springthorpe,nspringthorpe1p@abc.net.au,OKULVmkhhRqR,Female,1984-05-31,Staff Accountant III,FACULTY,,
Cassandra Feldhorn,cfeldhorn1q@sun.com,wYyHVZNL,Female,1990-12-13,Design Engineer,STUDENT,1,BIT
Bat Grenshiels,bgrenshiels1r@domainmarket.com,FHd3Vd7kH,Male,2000-11-19,Associate Professor,STUDENT,1,BIT
Kimberli Camps,kcamps1s@wikia.com,NM9VMJm,Female,1985-05-29,Statistician II,FACULTY,,
Mick Rawle,mrawle1t@dropbox.com,CfyZknxS,Male,1981-11-07,Librarian,FACULTY,,
Therese Dodell,tdodell1u@phpbb.com,pB3WLKWRY,Female,1982-07-12,Chemical Engineer,FACULTY,,
Winna Ferronet,wferronet1v@cdc.gov,bVS5nAcdmRe,Female,1985-11-13,Speech Pathologist,FACULTY,,
Dugald Harridge,dharridge1w@harvard.edu,63uFsDgu,Male,1996-08-30,Operator,STUDENT,1,BIT
Marylin Beagley,mbeagley1x@nyu.edu,NX4261hxy,Female,1993-05-04,Chemical Engineer,STUDENT,1,BIT
Thoma Dandison,tdandison1y@cbsnews.com,BbiVIm31lfa,Male,1987-06-22,Assistant Media Planner,FACULTY,,
Field Bockin,fbockin1z@artisteer.com,N60duTacbgc,Male,1997-08-11,Actuary,STUDENT,1,BIT
Bent Segge,bsegge20@jiathis.com,HMF3m4kCV,Male,1980-10-09,Associate Professor,FACULTY,,
Roberto Bodicam,rbodicam21@mozilla.org,Url1jhZAu8,Male,1990-07-22,Account Executive,STUDENT,1,BIT
Osbourne McCarney,omccarney22@businessinsider.com,w3F7yp9uJ,Male,2000-11-25,Community Outreach Specialist,STUDENT,1,BIT
Bern Adamsky,badamsky23@ow.ly,YqRwpiRVUJ,Male,1991-12-21,Statistician I,STUDENT,1,BIT
Maridel Cudmore,mcudmore24@dagondesign.com,vDZ1K5D8,Female,1986-06-05,Financial Analyst,FACULTY,,
Reggie Tripney,rtripney25@mac.com,CD4gcx,Male,2000-07-30,Compensation Analyst,STUDENT,1,BIT
Vanya Trevascus,vtrevascus26@exblog.jp,uZ5i1dzTx,Male,1995-04-15,Cost Accountant,STUDENT,1,BIT
Walther Pyzer,wpyzer27@nih.gov,XFMZKyLj,Male,1993-06-16,Geological Engineer,STUDENT,1,BIT
Gard Stansall,gstansall28@sfgate.com,Qif7sOmRdkIS,Male,1992-02-07,Senior Developer,STUDENT,1,BIT
Judith Stuchbery,jstuchbery29@desdev.cn,qkAjYZV,Female,2000-11-04,Chemical Engineer,STUDENT,1,BIT
Arron de Guerre,ade2a@usa.gov,L6UKp5W,Male,1996-08-13,Nuclear Power Engineer,STUDENT,1,BIT
Freemon Aristide,faristide2b@walmart.com,Zs6gmEY,Male,1980-05-28,Administrative Officer,FACULTY,,
Wayland D'Oyley,wdoyley2c@trellian.com,3bOD8eKTDuo,Male,1986-05-30,Physical Therapy Assistant,FACULTY,,
Ikey Bromfield,ibromfield2d@dedecms.com,Z0Sh0JdsxiRe,Male,1997-05-04,Staff Accountant II,STUDENT,1,BIT
Grace Yakuntzov,gyakuntzov2e@upenn.edu,nitD9EHC7H,Genderfluid,1980-07-10,Senior Developer,FACULTY,,
Free Goodrum,fgoodrum2f@telegraph.co.uk,XlSXDGP7hs,Male,1997-07-31,VP Marketing,STUDENT,1,BIT
Melinde Ribbens,mribbens2g@tinypic.com,FCg7ovd,Female,1989-02-20,Automation Specialist III,FACULTY,,
Salomi Nash,snash2h@zimbio.com,1RwTFEijTd,Female,1983-06-23,Sales Representative,FACULTY,,
Margot Reskelly,mreskelly2i@vistaprint.com,UJZRGm,Female,1994-10-25,Software Engineer IV,STUDENT,1,BIT
Niles Trembley,ntrembley2j@shop-pro.jp,M0EeV8sy,Male,1996-03-09,Assistant Manager,STUDENT,1,BIT
Reider Lumsden,rlumsden2k@amazon.com,ae6iKDK,Genderqueer,1989-05-21,Safety Technician III,STUDENT,1,BIT
Carolyn Alibone,calibone2l@jimdo.com,lqv6JK,Female,1982-06-22,Senior Developer,FACULTY,,
Marten Lees,mlees2m@wunderground.com,vfjfLT1k,Male,1987-07-03,Software Consultant,FACULTY,,
Art Chapling,achapling2n@ted.com,xwKVR7vZWu8o,Male,1984-05-11,Teacher,FACULTY,,
Mickey Kits,mkits2o@bloglovin.com,Wrmzsif,Male,1991-02-24,Analog Circuit Design manager,STUDENT,1,BIT
Rollie Winspar,rwinspar2p@scientificamerican.com,qeQ7yb,Male,1988-01-31,Senior Financial Analyst,FACULTY,,
Carlie Morillas,cmorillas2q@quantcast.com,2Sg2sxvIp,Polygender,1984-09-01,Junior Executive,FACULTY,,
Lynn Clewley,lclewley2r@buzzfeed.com,aHvEm0Jg,Male,1985-10-16,Accountant III,FACULTY,,
Gunner Forestall,gforestall2s@hud.gov,O6NhCPdC,Male,1982-12-27,Automation Specialist IV,FACULTY,,
Julee Winterbotham,jwinterbotham2t@trellian.com,deMruMJl5,Female,1984-02-08,Analyst Programmer,FACULTY,,
Ara Grasha,agrasha2u@sun.com,JXYYobmajvM,Male,1991-01-31,Administrative Officer,STUDENT,1,BIT
Asher Illwell,aillwell2v@nsw.gov.au,FYlss1oH9,Genderfluid,1995-03-07,Data Coordiator,STUDENT,1,BIT
Jasun Asmus,jasmus2w@icq.com,yCsJeY7ny,Bigender,1989-12-01,Administrative Officer,STUDENT,1,BIT
Issiah O'Mullaney,iomullaney2x@google.co.uk,L3pQuRqw,Male,1985-09-04,Junior Executive,FACULTY,,
Archibaldo Bowser,abowser2y@hibu.com,XhcfpgkLY,Male,1983-11-13,Director of Sales,FACULTY,,
Jennifer Shurman,jshurman2z@weather.com,AzboALfyqR,Female,1996-05-06,Actuary,STUDENT,1,BIT
Kevina Andriss,kandriss30@umn.edu,LJY8w1BN,Female,2001-02-14,Executive Secretary,STUDENT,1,BIT
Garrot Cosker,gcosker31@ezinearticles.com,iSFGuvn,Male,1986-08-25,Help Desk Technician,FACULTY,,
Tomas Smooth,tsmooth32@washington.edu,G7TGHtRtFEw,Polygender,1986-12-26,Administrative Assistant II,FACULTY,,
Fremont Proudlock,fproudlock33@bluehost.com,Lr9ndo7Uio,Male,1980-03-18,Financial Analyst,FACULTY,,
Rosie Clemes,rclemes34@slashdot.org,8gUxKstz7ZsL,Non-binary,1989-04-02,Quality Control Specialist,FACULTY,,
Hamnet Yard,hyard35@walmart.com,nRdu958EgOn,Male,1983-08-31,Research Assistant IV,FACULTY,,
Myrtia Hintzer,mhintzer36@xinhuanet.com,rd8MOKYSACw,Female,1979-05-23,Desktop Support Technician,FACULTY,,
Dosi Caldairou,dcaldairou37@ted.com,6veQo6lH,Female,1984-10-03,Safety Technician IV,FACULTY,,
Johnathan Hinksen,jhinksen38@admin.ch,NCIzZwQvoPQ,Male,1997-01-30,VP Product Management,STUDENT,1,BIT
Domenico Luc,dluc39@seesaa.net,DQryKE,Male,1980-12-11,Junior Executive,FACULTY,,
Catlee Kensley,ckensley3a@europa.eu,VZj2ODkk24,Bigender,1995-01-27,Paralegal,STUDENT,1,BIT
Clarie Dagon,cdagon3b@list-manage.com,Gy7eVAzGk,Female,1985-10-26,Quality Engineer,FACULTY,,
Charlean Blondin,cblondin3c@independent.co.uk,uLpx5GoFXa6Z,Non-binary,1981-10-31,Registered Nurse,FACULTY,,
Barde Glassborow,bglassborow3d@wordpress.com,4VP7YYjI6yZ,Male,1987-06-20,Pharmacist,FACULTY,,
Marve Olivier,molivier3e@mail.ru,udDy58K,Male,1994-11-21,Assistant Professor,STUDENT,1,BIT
Inger Napoli,inapoli3f@blog.com,IfhukqV,Male,1989-04-06,Safety Technician III,FACULTY,,
Ortensia Allridge,oallridge3g@prweb.com,EPd3jnqF1X,Female,1996-07-01,Programmer Analyst III,STUDENT,1,BIT
Antin Cleveland,acleveland3h@addtoany.com,PW9hf2N2yOt,Male,1995-03-25,Recruiter,STUDENT,1,BIT
Aubine Adolfsen,aadolfsen3i@psu.edu,dxOPAyLpFJ7,Female,1990-10-09,Accountant III,STUDENT,1,BIT
Marcella Attenborough,mattenborough3j@shop-pro.jp,sgvGTQnKJ,Non-binary,1984-01-18,Director of Sales,FACULTY,,
Lisabeth Severns,lseverns3k@sakura.ne.jp,tMMPOH11GAF,Female,1987-06-02,Business Systems Development Analyst,FACULTY,,
Hillie Sherrum,hsherrum3l@myspace.com,WauTel372U2,Male,1987-12-02,Senior Sales Associate,FACULTY,,
Violetta Lamball,vlamball3m@home.pl,F9MkoUdU7ef,Female,1985-03-08,Senior Sales Associate,FACULTY,,
Nara Watkins,nwatkins3n@mapquest.com,1HrJ8BBILKhD,Female,1983-08-31,VP Product Management,FACULTY,,
Car Trasler,ctrasler3o@sciencedaily.com,Nf9XBQyK76bi,Male,1982-07-06,Help Desk Technician,FACULTY,,
Creighton Birt,cbirt3p@dmoz.org,opDej2,Male,1980-12-23,Information Systems Manager,FACULTY,,
Marina Bunting,mbunting3q@behance.net,g5QZuDKjcwwM,Genderfluid,1989-10-20,Geological Engineer,STUDENT,1,BIT
Dari May,dmay3r@scribd.com,OWH2HWH,Female,1984-07-21,Analyst Programmer,FACULTY,,
Guglielma Jacobsson,gjacobsson3s@imgur.com,PvvbCC8kI0T,Female,1985-08-28,Automation Specialist I,FACULTY,,
Juana Fowlds,jfowlds3t@pbs.org,YHUmQoHUx,Female,1988-02-12,Marketing Manager,FACULTY,,
Alvina Cubley,acubley3u@mysql.com,0pn57sidwa4,Female,1999-12-07,Chemical Engineer,STUDENT,1,BIT
Jarrad Riste,jriste3v@cmu.edu,69jxo1dH5piq,Male,1994-09-01,Technical Writer,STUDENT,1,BIT
Demeter Corringham,dcorringham3w@godaddy.com,D45moQ,Female,1996-02-20,Biostatistician IV,STUDENT,1,BIT
Blanche Beningfield,bbeningfield3x@booking.com,bQw4SBm,Female,1982-08-11,Quality Control Specialist,FACULTY,,
Sunny Winterbourne,swinterbourne3y@nps.gov,ghjAHiDLkF,Male,1981-04-17,Legal Assistant,FACULTY,,
Rona Swinnerton,rswinnerton3z@weebly.com,9mUezsovLKV,Female,1998-05-26,Engineer III,STUDENT,1,BIT
Mannie MacRanald,mmacranald40@ftc.gov,Q1DBvM,Male,1994-08-11,Director of Sales,STUDENT,1,BIT
Joletta Thornebarrow,jthornebarrow41@ft.com,ntaYF7vafCy,Female,1995-04-04,Statistician III,STUDENT,1,BIT
Mortimer Collop,mcollop42@irs.gov,rFVdoV1Q0L,Male,1984-05-17,Chief Design Engineer,FACULTY,,
Robb Iuorio,riuorio43@vimeo.com,Rji88pE7vaN7,Male,1992-02-04,VP Sales,STUDENT,1,BIT
Gerta Jendrach,gjendrach44@icio.us,vYiSO5w,Female,1988-05-12,Human Resources Assistant I,FACULTY,,
Miranda Josovitz,mjosovitz45@photobucket.com,gRXqW6QzW,Female,1982-02-06,Product Engineer,FACULTY,,
Donny Vakhrushin,dvakhrushin46@upenn.edu,iSYyBi4,Male,1996-07-07,Budget/Accounting Analyst II,STUDENT,1,BIT
Aguie Atcheson,aatcheson47@cnn.com,eW3ODT,Male,1989-09-04,Nurse,STUDENT,1,BIT
Terrijo Danat,tdanat48@xinhuanet.com,LaciDvUh,Female,1989-12-30,Staff Scientist,STUDENT,1,BIT
Thomas Ainge,tainge49@usatoday.com,ud6nUViAk6,Male,2000-05-03,Staff Scientist,STUDENT,1,BIT
Sigrid Richardot,srichardot4a@columbia.edu,jQfXMB4XmL,Female,1997-09-19,Design Engineer,STUDENT,1,BIT
Charlene Danton,cdanton4b@si.edu,UVpRbe,Female,1999-05-31,Office Assistant I,STUDENT,1,BIT
Myles Twells,mtwells4c@desdev.cn,SGNQQz,Male,1986-02-26,Programmer Analyst II,FACULTY,,
Laetitia Boddice,lboddice4d@opera.com,rUzPxVGV,Female,1991-02-06,Engineer IV,STUDENT,1,BIT
Erek Robelet,erobelet4e@gnu.org,J08bKh3b,Male,1979-05-21,Professor,FACULTY,,
Luca Yeaman,lyeaman4f@amazonaws.com,FbJ5nGESJiP,Male,1996-11-14,VP Accounting,STUDENT,1,BIT
Mamie Bondesen,mbondesen4g@unblog.fr,vieHor1iOHM,Female,1989-08-27,Civil Engineer,STUDENT,1,BIT
Ikey Capnerhurst,icapnerhurst4h@comcast.net,ajs3W7OMh,Male,1985-11-08,Analog Circuit Design manager,FACULTY,,
Travers McGow,tmcgow4i@squidoo.com,g58JbsB,Male,1990-04-16,Programmer Analyst II,STUDENT,1,BIT
Cynthia Malthus,cmalthus4j@skyrock.com,xOY0VW,Non-binary,1986-01-13,Senior Quality Engineer,FACULTY,,
Sibella Honniebal,shonniebal4k@constantcontact.com,dfl3JVUvKuiN,Female,1987-06-21,Accountant II,FACULTY,,
Meir Ovendale,movendale4l@ameblo.jp,t9F9KFy1MI,Male,1983-03-04,Senior Cost Accountant,FACULTY,,
Kristina Lettley,klettley4m@unicef.org,Geh1kv,Female,1994-08-09,Business Systems Development Analyst,STUDENT,1,BIT
Joella Hourstan,jhourstan4n@nytimes.com,caksxH4t,Female,2001-02-11,Safety Technician III,STUDENT,1,BIT
Morgen Silliman,msilliman4o@independent.co.uk,CtxBjO,Female,1998-07-11,VP Quality Control,STUDENT,1,BIT
Gerda Kennington,gkennington4p@twitpic.com,K2TBZGT4gwQ,Female,1991-02-17,VP Marketing,STUDENT,1,BIT
Bertrando Kovnot,bkovnot4q@usatoday.com,ZNgIba,Male,1980-02-21,Sales Associate,FACULTY,,
Adiana Cogdon,acogdon4r@amazon.co.jp,WzqeLy,Female,1998-02-04,General Manager,STUDENT,1,BIT
Jade Dufour,jdufour4s@bloglines.com,XjoZqSAWM,Female,1999-01-17,Tax Accountant,STUDENT,1,BIT
Elnora Hext,ehext4t@cbsnews.com,OnSp6F,Female,1988-10-24,Office Assistant I,FACULTY,,
Denyse Lowes,dlowes4u@yahoo.com,8fpWkbEL6IA,Female,1997-11-17,Food Chemist,STUDENT,1,BIT
Neale Dallinder,ndallinder4v@sogou.com,Mhv47PTLeyom,Male,1986-06-10,Recruiter,FACULTY,,
Sallyanne Paolino,spaolino4w@deliciousdays.com,sa5os1d,Female,1994-01-31,Editor,STUDENT,1,BIT
Inga Dunkerton,idunkerton4x@hatena.ne.jp,n9twZYfbe,Female,1980-04-27,Analyst Programmer,FACULTY,,
Hetty Allchorn,hallchorn4y@google.pl,oUwZDK,Female,1983-05-12,Information Systems Manager,FACULTY,,
Gannie Meletti,gmeletti4z@e-recht24.de,YlQGpbgBS,Male,1993-01-16,Health Coach I,STUDENT,1,BIT
Myron Headington,mheadington50@usgs.gov,aLQYpsV,Male,2000-05-24,Business Systems Development Analyst,STUDENT,1,BIT
Caryl Tumasian,ctumasian51@sfgate.com,RaXKdZTAs,Male,1991-09-12,Programmer III,STUDENT,1,BIT
Nickolai Thornthwaite,nthornthwaite52@homestead.com,gQdNDXg7n2SC,Male,1979-08-26,Compensation Analyst,FACULTY,,
Patrica Kelso,pkelso53@angelfire.com,cMAccshg,Female,1988-09-21,Chief Design Engineer,FACULTY,,
Charity McCay,cmccay54@quantcast.com,oozLA7,Non-binary,1980-03-26,Software Consultant,FACULTY,,
Marion Braunthal,mbraunthal55@geocities.com,0nXBLrZR9,Bigender,1985-04-05,Structural Engineer,FACULTY,,
Francisco Penylton,fpenylton56@prweb.com,vi6BwsG,Male,1985-01-22,Assistant Manager,FACULTY,,
Merle Reskelly,mreskelly57@noaa.gov,JkVJI1,Male,1995-07-21,Help Desk Technician,STUDENT,1,BIT
Benedetto Lafflina,blafflina58@cbsnews.com,G23uCuAtH0,Male,1984-08-12,VP Marketing,FACULTY,,
Broderic Hinkens,bhinkens59@hao123.com,xd0aCZxr19Yg,Male,1998-02-05,Geological Engineer,STUDENT,1,BIT
Thomas Armell,tarmell5a@de.vu,UlmlJ235,Male,1982-03-30,Software Engineer I,FACULTY,,
Tammi Ottee,tottee5b@whitehouse.gov,A0lQaR,Female,1979-11-28,Junior Executive,FACULTY,,
Nadiya Coverley,ncoverley5c@google.ru,Y8dNbbEP8,Female,1985-05-20,Senior Developer,FACULTY,,
Debi Cottey,dcottey5d@mit.edu,T12MS5s,Female,1990-04-26,Administrative Assistant IV,STUDENT,1,BIT
Barry Teresa,bteresa5e@ebay.co.uk,SCbx5pTo,Polygender,1996-12-23,Marketing Assistant,STUDENT,1,BIT
Rodolphe Kordes,rkordes5f@blinklist.com,WgiBCW4wh,Male,1994-07-15,Community Outreach Specialist,STUDENT,1,BIT
Rafaellle Medmore,rmedmore5g@cmu.edu,T1DMMbT5uE,Male,1981-08-28,Sales Representative,FACULTY,,
Corbie Gordon,cgordon5h@unblog.fr,TZRqq7,Male,1980-11-23,Structural Engineer,FACULTY,,
Guss Lowdeane,glowdeane5i@elpais.com,UdD019,Male,1990-03-26,Nuclear Power Engineer,STUDENT,1,BIT
Tova Klimsch,tklimsch5j@devhub.com,Im3sfFLXf1U6,Female,1992-02-15,Operator,STUDENT,1,BIT
Josselyn Harry,jharry5k@spotify.com,M4ZcKdy,Female,1980-08-17,Professor,FACULTY,,
Felicio Goggen,fgoggen5l@webeden.co.uk,FORe96dC0,Male,1998-08-24,Engineer I,STUDENT,1,BIT
Alleyn Grevatt,agrevatt5m@mapquest.com,xqovF8I1r2PS,Male,1994-10-13,Actuary,STUDENT,1,BIT
Reinwald Brokenshaw,rbrokenshaw5n@stumbleupon.com,KD8ar62,Male,1988-11-15,Legal Assistant,FACULTY,,
Lauree Test,ltest5o@fastcompany.com,ZZPZD4L4W,Female,1985-02-06,Financial Advisor,FACULTY,,
Elbertina Espasa,eespasa5p@ucla.edu,oMRez84xZfK3,Female,1995-07-23,Tax Accountant,STUDENT,1,BIT
Anastasia Castanos,acastanos5q@psu.edu,tIbAhn,Female,1992-09-30,Nurse Practicioner,STUDENT,1,BIT
Sancho Ismead,sismead5r@4shared.com,gRqGRNqtTf,Polygender,1986-09-13,Human Resources Assistant I,FACULTY,,
Karen Lawrance,klawrance5s@epa.gov,mE82gKN7zn,Female,1988-04-11,Senior Quality Engineer,FACULTY,,
Jonie Jekyll,jjekyll5t@github.io,XHH2nYUS,Agender,1994-04-06,Automation Specialist II,STUDENT,1,BIT
Ahmad Ride,aride5u@jugem.jp,eFsmGs43qpm,Male,1985-11-12,Web Designer IV,FACULTY,,
Esdras Bratten,ebratten5v@simplemachines.org,ejef8C,Male,1999-05-03,Occupational Therapist,STUDENT,1,BIT
Cele Bunting,cbunting5w@sakura.ne.jp,4dhiZnWCKPEz,Female,1999-01-12,Assistant Professor,STUDENT,1,BIT
Meridel Iliffe,miliffe5x@ezinearticles.com,nMPeteWgj5,Female,1983-10-31,Software Engineer I,FACULTY,,
Brigham Suche,bsuche5y@time.com,M4m5f4OUY,Male,1994-09-28,Business Systems Development Analyst,STUDENT,1,BIT
Lenette Driscoll,ldriscoll5z@diigo.com,RHOAnX1Cz07,Agender,1985-11-30,Financial Advisor,FACULTY,,
Sharyl Rushmere,srushmere60@furl.net,QaBKaiIqBeX,Female,1988-10-31,Teacher,FACULTY,,
Tommy Dyos,tdyos61@scribd.com,fuSgqWpN,Female,1990-05-04,Research Associate,STUDENT,1,BIT
Carline Buckoke,cbuckoke62@geocities.jp,UDxRYeE,Female,1981-03-02,Analyst Programmer,FACULTY,,
Goddard July,gjuly63@linkedin.com,RNcXn7Lkd2,Genderqueer,1991-01-03,Accounting Assistant II,STUDENT,1,BIT
Gustaf Chong,gchong64@stanford.edu,vpkl5z1wRe4N,Male,1988-01-08,Registered Nurse,FACULTY,,
Darline Samet,dsamet65@lulu.com,CNnL0HwNYFSM,Female,1984-02-01,Account Coordinator,FACULTY,,
Natty Bibby,nbibby66@irs.gov,eaHFeL9ylPlI,Male,1994-10-20,Software Engineer III,STUDENT,1,BIT
El Ciotti,eciotti67@deviantart.com,CYMyGaSmMUM,Male,2001-04-08,Chief Design Engineer,STUDENT,1,BIT
Hernando Haycox,hhaycox68@answers.com,9Dd82FfCB,Male,1994-06-01,Accounting Assistant IV,STUDENT,1,BIT
Bellina Frede,bfrede69@google.com.br,bIZh4Ae1L,Female,1986-10-06,VP Quality Control,FACULTY,,
My Raiston,mraiston6a@slideshare.net,pvIJAxy99j,Male,1979-07-18,Database Administrator IV,FACULTY,,
Sheilakathryn Casewell,scasewell6b@xing.com,lM2sk5V7AMHI,Genderqueer,1988-04-23,Statistician I,FACULTY,,
Felice Duffyn,fduffyn6c@nymag.com,VXEnwx,Female,1995-05-14,Account Coordinator,STUDENT,1,BIT
Henrie Clarke-Williams,hclarkewilliams6d@blogger.com,2qY7E71RgGsD,Female,1991-09-08,Software Consultant,STUDENT,1,BIT
Clevie Bene,cbene6e@blinklist.com,smcGO7o2s7,Male,1997-10-12,Design Engineer,STUDENT,1,BIT
Erminie Goldberg,egoldberg6f@google.it,gyV2DQNzsL,Female,2001-01-15,Mechanical Systems Engineer,STUDENT,1,BIT
Maxim Urpeth,murpeth6g@vinaora.com,9apgWF,Male,1980-12-29,Actuary,FACULTY,,
Linell Cousen,lcousen6h@ustream.tv,DI05T4Cw,Female,1996-06-30,Accountant IV,STUDENT,1,BIT
Murdock Rudd,mrudd6i@howstuffworks.com,311qkuya,Male,1987-03-29,Chief Design Engineer,FACULTY,,
Fletcher Benns,fbenns6j@github.com,5iIta9,Male,1981-07-24,Accountant III,FACULTY,,
Chadwick Lauridsen,clauridsen6k@ehow.com,nckjvqjz,Male,1985-08-08,Assistant Media Planner,FACULTY,,
Justis Whiterod,jwhiterod6l@upenn.edu,HHoVIBXcu,Male,1993-01-23,Developer II,STUDENT,1,BIT
Corney Rihosek,crihosek6m@nsw.gov.au,cNwEkJtyOi,Male,1982-11-29,Tax Accountant,FACULTY,,
Augustine MacGibbon,amacgibbon6n@unc.edu,tcDEaln,Male,1992-08-15,Software Test Engineer I,STUDENT,1,BIT
Franklyn Banaszewski,fbanaszewski6o@elegantthemes.com,hak0EHbtf6,Male,1990-10-28,Data Coordiator,STUDENT,1,BIT
Em Roches,eroches6p@illinois.edu,EGJyJo,Male,1983-11-10,Assistant Manager,FACULTY,,
Samson Spieght,sspieght6q@dmoz.org,EZxeEP,Male,1983-07-24,Programmer II,FACULTY,,
Chancey Redborn,credborn6r@google.co.jp,c5vFpUUt,Genderqueer,1998-09-30,Internal Auditor,STUDENT,1,BIT
Carmelle Gowen,cgowen6s@livejournal.com,TPN3QMg,Female,1988-09-22,Help Desk Operator,FACULTY,,
Arabela Rutherforth,arutherforth6t@hud.gov,bXkapjXuQ7c,Female,1983-05-11,Financial Advisor,FACULTY,,
Bernadene Diegan,bdiegan6u@cnet.com,ioEwDb0FbE,Female,1996-11-01,Executive Secretary,STUDENT,1,BIT
Darline Petersen,dpetersen6v@friendfeed.com,gAG5XQF48,Female,1989-09-29,Food Chemist,STUDENT,1,BIT
Tremayne Thornton-Dewhirst,tthorntondewhirst6w@blogspot.com,m0LhI3nPb,Male,1982-04-10,Health Coach I,FACULTY,,
Bartholomeo Kirkby,bkirkby6x@ihg.com,650sUjP,Male,1994-07-08,Help Desk Technician,STUDENT,1,BIT
Avram Mougel,amougel6y@google.com.au,Ra7jiAVWN9H,Male,2000-01-04,Office Assistant II,STUDENT,1,BIT
Abigael Tuer,atuer6z@behance.net,yNRV8V,Female,1998-05-24,Business Systems Development Analyst,STUDENT,1,BIT
Bren Aleksahkin,baleksahkin70@cnn.com,x0cRkSE3,Female,1988-11-03,Project Manager,FACULTY,,
Kippy Ghidoni,kghidoni71@washington.edu,rJq7R9,Female,1982-11-18,Accounting Assistant I,FACULTY,,
Pierce Lackham,plackham72@businessinsider.com,tbPZhO1MrZD,Male,2000-05-23,Help Desk Operator,STUDENT,1,BIT
Alleyn Methven,amethven73@comsenz.com,lEawtp4CQwIV,Male,1997-11-18,Research Nurse,STUDENT,1,BIT
Netti MacGaughie,nmacgaughie74@sciencedirect.com,5U3UHKI0rfWI,Female,1985-11-03,VP Product Management,FACULTY,,
Blanca Boness,bboness75@altervista.org,dqwhMA,Female,1982-02-17,Research Nurse,FACULTY,,
Jessika Hurdle,jhurdle76@indiegogo.com,RmUMMlc1r,Female,1991-09-18,Staff Accountant I,STUDENT,1,BIT
Herta Keasy,hkeasy77@wikia.com,xQMNukvO5,Female,1979-04-27,Financial Analyst,FACULTY,,
Midge Kilmurry,mkilmurry78@soundcloud.com,N4RjnLWE,Polygender,1998-09-25,Project Manager,STUDENT,1,BIT
Sam Tratton,stratton79@ca.gov,B2QQrYss,Male,1986-04-11,Financial Analyst,FACULTY,,
Shandra Knevet,sknevet7a@yellowbook.com,VisuUb,Female,1992-07-05,Recruiting Manager,STUDENT,1,BIT
Isadora Bushe,ibushe7b@dot.gov,h7nXOTCGU,Female,1981-11-26,Health Coach II,FACULTY,,
Rickert Joannet,rjoannet7c@hostgator.com,1AJDCxC1CW1Q,Male,1986-11-11,Programmer II,FACULTY,,
Garrik Killshaw,gkillshaw7d@salon.com,k4akO81mt,Male,2000-12-20,Media Manager II,STUDENT,1,BIT
Charlotte Danton,cdanton7e@imgur.com,9Uzejg,Female,1988-10-22,Payment Adjustment Coordinator,FACULTY,,
Reynard Golightly,rgolightly7f@google.co.uk,Zt7NfaGc,Male,1981-11-12,Marketing Manager,FACULTY,,
Janel Sheran,jsheran7g@hatena.ne.jp,2516bii43FF,Female,1981-05-22,General Manager,FACULTY,,
Leena Doidge,ldoidge7h@cyberchimps.com,q05mq9KK8e,Non-binary,1999-11-28,Food Chemist,STUDENT,1,BIT
Kamilah Boffey,kboffey7i@marriott.com,mofINM,Female,1992-07-10,Quality Control Specialist,STUDENT,1,BIT
Damian Parry,dparry7j@devhub.com,zVVwJ6,Male,1999-12-02,Technical Writer,STUDENT,1,BIT
Andrey Sharpe,asharpe7k@fema.gov,dGrHlS4H,Male,1986-03-04,Software Consultant,FACULTY,,
North Streather,nstreather7l@icio.us,iRvGQGb,Male,1981-10-28,Project Manager,FACULTY,,
Brien Jirik,bjirik7m@myspace.com,rC7mFCNs,Non-binary,1999-10-28,Budget/Accounting Analyst I,STUDENT,1,BIT
Reginauld Macknish,rmacknish7n@geocities.jp,mpUw77A2,Male,1983-02-17,Data Coordiator,FACULTY,,
Waylan Uff,wuff7o@uol.com.br,cC1yNigBy1,Male,1981-02-22,Legal Assistant,FACULTY,,
Minta Matitiaho,mmatitiaho7p@meetup.com,5kYY4SjK4,Female,1997-12-02,Environmental Specialist,STUDENT,1,BIT
Cristy Bartosik,cbartosik7q@goo.ne.jp,2wJbgU7EgYN,Female,1999-06-24,Cost Accountant,STUDENT,1,BIT
Tammie De Morena,tde7r@google.com.au,UuDMxg2p,Female,1984-10-25,Project Manager,FACULTY,,
Abe Griswaite,agriswaite7s@timesonline.co.uk,vvO9tQ9187b,Male,1979-10-14,Web Designer IV,FACULTY,,
Rafi Offield,roffield7t@multiply.com,Sh65kegfOaVa,Male,1997-08-07,Assistant Manager,STUDENT,1,BIT
Alphard Northway,anorthway7u@pbs.org,7DFZRndd27wY,Male,1996-06-06,Civil Engineer,STUDENT,1,BIT
Krystalle Midner,kmidner7v@chicagotribune.com,hmvX2umcL,Female,1983-03-11,Dental Hygienist,FACULTY,,
Verena Bradd,vbradd7w@hexun.com,NsWIFzasU,Female,1988-06-24,Help Desk Technician,FACULTY,,
Innis Kubica,ikubica7x@telegraph.co.uk,QKFi3XX6H5jw,Male,1983-01-13,Account Executive,FACULTY,,
Lorraine Catton,lcatton7y@weebly.com,CdnYET,Female,1998-09-17,Software Consultant,STUDENT,1,BIT
Brandy Freiberg,bfreiberg7z@archive.org,IshhAMK,Male,1993-05-03,Quality Engineer,STUDENT,1,BIT
Vanni Danslow,vdanslow80@example.com,fFUWlEXCKZ,Genderfluid,1986-12-09,Statistician II,FACULTY,,
Kizzee Ertel,kertel81@booking.com,PUDrErzT,Female,1985-10-26,Electrical Engineer,FACULTY,,
Prentiss Gerbel,pgerbel82@jigsy.com,JYLOpJAmxEHI,Male,1984-01-21,Nuclear Power Engineer,FACULTY,,
Benjamin Fink,bfink83@nih.gov,GRnwlZ,Male,1983-01-22,Technical Writer,FACULTY,,
Frannie Jasik,fjasik84@cornell.edu,m1y8Bq1,Male,1993-01-18,Chief Design Engineer,STUDENT,1,BIT
Daloris Halgarth,dhalgarth85@nba.com,Vy0UuEQb9Bf,Female,1989-10-28,Executive Secretary,STUDENT,1,BIT
Shayne Stockney,sstockney86@ed.gov,p6yPOXk78Ur,Female,1985-06-12,Budget/Accounting Analyst IV,FACULTY,,
Magdalena Mundie,mmundie87@opensource.org,WbsCfgKXQ,Female,1995-10-24,Pharmacist,STUDENT,1,BIT
Bordy Jackalin,bjackalin88@soup.io,IqOh8jcng,Male,1987-03-17,Electrical Engineer,FACULTY,,
Fernanda Barbie,fbarbie89@devhub.com,d7NCvZJ7Vqop,Female,1997-04-06,Geological Engineer,STUDENT,1,BIT
Gerik Luetkemeyer,gluetkemeyer8a@newsvine.com,9GzrlUoQfaz,Male,1988-01-15,Help Desk Technician,FACULTY,,
Darrelle Beinisch,dbeinisch8b@newyorker.com,uD3bbcUQg7,Female,1992-06-21,Environmental Specialist,STUDENT,1,BIT
Vita Soffe,vsoffe8c@forbes.com,URgrph2u,Female,1997-08-25,Compensation Analyst,STUDENT,1,BIT
Johnny Rodda,jrodda8d@ibm.com,mz6Rpuv4ms6m,Genderqueer,1993-09-19,Human Resources Assistant IV,STUDENT,1,BIT
Norma Lippett,nlippett8e@nasa.gov,ueYEkyeoVG3F,Female,1992-01-12,Structural Analysis Engineer,STUDENT,1,BIT
Deny Doerffer,ddoerffer8f@typepad.com,oN6vbOo1,Female,1995-05-13,Software Consultant,STUDENT,1,BIT
Julia McCreery,jmccreery8g@meetup.com,ErFQMg3T,Female,1989-01-08,Professor,FACULTY,,
Alix Scarffe,ascarffe8h@reuters.com,oHT5xxmpTR,Male,1997-10-11,Registered Nurse,STUDENT,1,BIT
Thomas Cure,tcure8i@mac.com,DbGnENYza,Polygender,1994-01-29,Automation Specialist II,STUDENT,1,BIT
Collie Priddey,cpriddey8j@reverbnation.com,CilCevCsM,Female,1982-07-17,Account Executive,FACULTY,,
Giorgia Eivers,geivers8k@multiply.com,vwf5jEsQ,Female,1980-01-20,Quality Control Specialist,FACULTY,,
Paton Heineke,pheineke8l@ucla.edu,EhhvXdPP,Male,1984-12-20,Assistant Media Planner,FACULTY,,
Jermayne Salle,jsalle8m@fotki.com,d9VhheOo,Male,1980-05-27,Marketing Assistant,FACULTY,,
Elyssa Gronno,egronno8n@technorati.com,o8uvITafbg,Female,1985-12-14,Staff Accountant IV,FACULTY,,
Gal Tancock,gtancock8o@cbc.ca,66JZW3fk6Ir,Male,1983-11-14,Assistant Media Planner,FACULTY,,
Tab Manuello,tmanuello8p@ow.ly,iIFJrrNfM2v,Male,1992-05-15,Budget/Accounting Analyst III,STUDENT,1,BIT
Tessa Cockshoot,tcockshoot8q@wufoo.com,GAU73yg,Female,1994-03-05,Engineer II,STUDENT,1,BIT
Louis Maccaddie,lmaccaddie8r@mapquest.com,voGRsW,Bigender,1985-10-21,Electrical Engineer,FACULTY,,
Lelia Hovard,lhovard8s@fema.gov,YNdMC8UX,Female,1980-09-21,Paralegal,FACULTY,,
Weider Audus,waudus8t@google.cn,mE2T0DPh,Male,1979-07-05,VP Quality Control,FACULTY,,
Sunny Penbarthy,spenbarthy8u@mashable.com,nRfLXBs,Genderqueer,1981-04-13,Assistant Manager,FACULTY,,
Arabele Syphas,asyphas8v@twitpic.com,zYJhCNVZS,Female,1996-02-24,Marketing Manager,STUDENT,1,BIT
Marj Aujouanet,maujouanet8w@soup.io,KIt0Be5cYp1P,Female,1985-10-31,Recruiting Manager,FACULTY,,
Louis Pien,lpien8x@paginegialle.it,BuzY9gtF,Genderfluid,1979-06-14,Media Manager IV,FACULTY,,
Towny Cossons,tcossons8y@furl.net,UTrlCicezwM,Male,1987-07-06,Programmer I,FACULTY,,
Winnie Ciotti,wciotti8z@multiply.com,P0HxMR4y,Male,1998-09-06,Physical Therapy Assistant,STUDENT,1,BIT
Clement Springall,cspringall90@wisc.edu,N6gtrv,Male,1994-07-31,General Manager,STUDENT,1,BIT
Velvet Cleife,vcleife91@blogspot.com,8TT5KDca,Female,1984-08-16,Pharmacist,FACULTY,,
Granger Shurrock,gshurrock92@toplist.cz,nVLIaA3iPJd,Male,1994-04-25,Accounting Assistant IV,STUDENT,1,BIT
Meghann Grey,mgrey93@uiuc.edu,rEWYBQet63FW,Female,1998-08-25,Quality Engineer,STUDENT,1,BIT
Pru Singleton,psingleton94@ucoz.com,hLkDL4w4W4rV,Female,2000-09-14,Assistant Professor,STUDENT,1,BIT
George Wybern,gwybern95@discuz.net,7kGR1Eam,Male,1983-05-18,Mechanical Systems Engineer,FACULTY,,
Ibrahim Merriday,imerriday96@imgur.com,WG294nD,Male,1983-11-28,Research Assistant IV,FACULTY,,
Rozina Lovitt,rlovitt97@census.gov,47Uw13eYg6g7,Female,1996-09-18,Web Developer III,STUDENT,1,BIT
Hilton Raffeorty,hraffeorty98@moonfruit.com,jS4kut23AT,Male,1982-04-13,Marketing Assistant,FACULTY,,
Ivy Wildblood,iwildblood99@blogtalkradio.com,EPavj0Bh,Female,2000-09-15,Teacher,STUDENT,1,BIT
Alphonse Heenan,aheenan9a@dot.gov,jP4SoWg,Male,1981-12-28,Food Chemist,FACULTY,,
Gwenette Langelaan,glangelaan9b@dedecms.com,luet4b,Female,1999-11-06,Editor,STUDENT,1,BIT
Elisabet Ortsmann,eortsmann9c@chronoengine.com,bnUjEJBA,Female,1982-04-01,Operator,FACULTY,,
Lyman Sherebrook,lsherebrook9d@addtoany.com,QGUEUOzkh,Male,1979-05-11,Clinical Specialist,FACULTY,,
Aloin Cervantes,acervantes9e@auda.org.au,pGMv3TWl,Male,1989-05-29,Actuary,STUDENT,1,BIT
Giulietta Joiner,gjoiner9f@cdc.gov,fIzkjJ6dHJ,Female,1990-12-01,Assistant Professor,STUDENT,1,BIT
Harcourt Brundell,hbrundell9g@sphinn.com,TiBJz1010y,Male,2000-02-01,Chemical Engineer,STUDENT,1,BIT
Auguste Flott,aflott9h@jimdo.com,dyuRuuGsHi,Female,1983-10-04,Budget/Accounting Analyst III,FACULTY,,
Osbourne Baldwin,obaldwin9i@state.tx.us,4FFHSU8a,Male,1981-05-18,Product Engineer,FACULTY,,
Reynard Littlemore,rlittlemore9j@t-online.de,ZPOSE8VYGIm,Male,1999-09-10,Senior Sales Associate,STUDENT,1,BIT
Olivia Demogeot,odemogeot9k@over-blog.com,uP10hzS1dYgf,Female,1994-02-09,GIS Technical Architect,STUDENT,1,BIT
Timofei Sekulla,tsekulla9l@bigcartel.com,3swDHD9Rt,Male,1988-12-03,Database Administrator III,FACULTY,,
Prinz Barthot,pbarthot9m@omniture.com,eijRIaIMgpB,Male,1987-08-21,Paralegal,FACULTY,,
Lezlie Sineath,lsineath9n@irs.gov,BqX9rFXP4DS,Female,1991-07-02,Geological Engineer,STUDENT,1,BIT
Asa Farrears,afarrears9o@chicagotribune.com,PgX2zfqqeY,Male,1980-06-04,Chief Design Engineer,FACULTY,,
Eveleen Petras,epetras9p@sakura.ne.jp,TvLzsc5,Female,1997-05-22,Human Resources Assistant II,STUDENT,1,BIT
Pammi Dobkin,pdobkin9q@facebook.com,3vpVNt,Female,2001-03-18,Quality Engineer,STUDENT,1,BIT
Shanta Rennicks,srennicks9r@163.com,Lu7tDa,Female,1983-11-01,Accounting Assistant III,FACULTY,,
Boyce Giacomozzo,bgiacomozzo9s@noaa.gov,nteItLn2w,Male,2000-07-18,GIS Technical Architect,STUDENT,1,BIT
Mannie Vatini,mvatini9t@csmonitor.com,PezkBbQPgtG,Male,1994-06-17,Systems Administrator I,STUDENT,1,BIT
Lavinia Blumson,lblumson9u@amazon.com,NBAKW3FAFa,Female,1982-02-16,Geologist I,FACULTY,,
Barnebas Lemoir,blemoir9v@1und1.de,5txPBUuro,Male,1988-07-28,Recruiting Manager,FACULTY,,
Yurik Pitrasso,ypitrasso9w@deliciousdays.com,4wP3pR,Male,1986-10-16,Business Systems Development Analyst,FACULTY,,
Nanni Tremberth,ntremberth9x@meetup.com,bxbNA8aSxYaV,Female,1989-01-10,Associate Professor,FACULTY,,
Verile Carney,vcarney9y@trellian.com,BQt39m,Female,2000-02-22,Software Engineer II,STUDENT,1,BIT
Trudey Conyard,tconyard9z@weibo.com,cwR1lUzS3,Female,1984-01-05,Tax Accountant,FACULTY,,
Richard Pyford,rpyforda0@apache.org,pYDXJjd,Male,1980-06-30,Senior Quality Engineer,FACULTY,,
Morena Grinham,mgrinhama1@woothemes.com,4MMq4ZC,Female,1987-07-21,Editor,FACULTY,,
Nevsa Brodley,nbrodleya2@hugedomains.com,Zomx95,Female,1999-09-17,Design Engineer,STUDENT,1,BIT
Patric Dubbin,pdubbina3@mail.ru,OsxNYtapfXT,Male,1992-06-01,Safety Technician IV,STUDENT,1,BIT
Burg Munn,bmunna4@rakuten.co.jp,nK7iGorud0fp,Male,1986-12-18,Social Worker,FACULTY,,
Dorian Faldo,dfaldoa5@mashable.com,J8voOcWIv,Male,1999-10-27,Assistant Media Planner,STUDENT,1,BIT
Oona Stroulger,ostroulgera6@china.com.cn,g0Cpp7qld,Female,1999-01-07,Assistant Manager,STUDENT,1,BIT
Mathian Bachman,mbachmana7@princeton.edu,ZGJSkrASmEY,Male,1998-01-14,Software Consultant,STUDENT,1,BIT
Reuven Grimwad,rgrimwada8@nsw.gov.au,DdsWU24GMzV,Male,1995-01-21,Assistant Manager,STUDENT,1,BIT
Talyah Siveter,tsivetera9@salon.com,tQ4cqQMZl,Female,1999-09-07,Executive Secretary,STUDENT,1,BIT
Jed Furlong,jfurlongaa@nature.com,cVm8e3CB7oeZ,Male,1999-08-31,Sales Associate,STUDENT,1,BIT
Grange Cleugher,gcleugherab@photobucket.com,J3Hb9KHt2,Male,1997-11-20,Senior Developer,STUDENT,1,BIT
Doralyn Cohn,dcohnac@java.com,e411v5jVci71,Non-binary,2001-03-07,Computer Systems Analyst I,STUDENT,1,BIT
Gregoor Byfford,gbyffordad@cornell.edu,E2grr4636,Genderfluid,1980-05-08,Quality Engineer,FACULTY,,
Morrie Skatcher,mskatcherae@harvard.edu,0zMldB,Male,1990-02-10,Desktop Support Technician,STUDENT,1,BIT
Addy ffrench Beytagh,affrenchaf@auda.org.au,La9XAs3M,Male,1982-03-06,Financial Advisor,FACULTY,,
Rasla Ambrogelli,rambrogelliag@elegantthemes.com,rBQHAfGoOy,Female,1984-01-26,Professor,FACULTY,,
Brita Hairesnape,bhairesnapeah@phpbb.com,Umr58MB2,Female,1993-02-25,Structural Engineer,STUDENT,1,BIT
Tabby Holworth,tholworthai@wikipedia.org,oalXJcOvz,Female,1981-03-27,VP Quality Control,FACULTY,,
Orbadiah Cutler,ocutleraj@yolasite.com,fKc6aSp1r,Male,1987-10-24,Environmental Tech,FACULTY,,
Graig Osman,gosmanak@storify.com,pOw8484NJZYL,Male,1988-08-06,Mechanical Systems Engineer,FACULTY,,
Philippine Domleo,pdomleoal@bigcartel.com,DLNwvpMqRtD,Female,1990-07-13,Chief Design Engineer,STUDENT,1,BIT
Rois Allot,rallotam@princeton.edu,2TRCYm,Bigender,1993-02-13,Dental Hygienist,STUDENT,1,BIT
Caritta Fassman,cfassmanan@soundcloud.com,fNuTWVi3npzK,Female,1999-09-05,Nuclear Power Engineer,STUDENT,1,BIT
Douglas D'Onisi,ddonisiao@answers.com,WUwSCMYUxHP,Male,1997-11-19,Senior Sales Associate,STUDENT,1,BIT
Jarrett Garbott,jgarbottap@umich.edu,U7wK5B9Mm,Male,1995-11-05,Web Designer III,STUDENT,1,BIT
Ward Sprowson,wsprowsonaq@usnews.com,zpoN7qmXhqG,Male,1980-05-02,Executive Secretary,FACULTY,,
Nanice Phear,nphearar@ustream.tv,SW12EQazUVq,Female,1991-02-14,Staff Accountant I,STUDENT,1,BIT
Jenine Self,jselfas@imdb.com,tSbKNGGRb,Female,1998-02-26,VP Accounting,STUDENT,1,BIT
Judas Guilford,jguilfordat@google.fr,JUcocSJ,Male,2001-01-06,Quality Control Specialist,STUDENT,1,BIT
Cari Glowacki,cglowackiau@cornell.edu,OzJE3yq5z,Female,1985-04-19,VP Product Management,FACULTY,,
Amerigo Pimbley,apimbleyav@intel.com,7rfso1yDc,Male,1985-05-22,Senior Cost Accountant,FACULTY,,
Ansell Mounter,amounteraw@nytimes.com,RuAPYUQ1mZ,Male,1996-05-01,Graphic Designer,STUDENT,1,BIT
Patin Willans,pwillansax@rakuten.co.jp,iOcBlLF,Male,1984-07-26,Analog Circuit Design manager,FACULTY,,
Rowe Larn,rlarnay@slideshare.net,WQ4FMmBD3J,Female,1999-02-25,Senior Financial Analyst,STUDENT,1,BIT
Winny Cockaday,wcockadayaz@w3.org,0T6OZC,Female,1993-04-12,Software Consultant,STUDENT,1,BIT
Aldon Wilcocke,awilcockeb0@posterous.com,6RVqtC7z,Male,1993-10-27,Account Executive,STUDENT,1,BIT
Ediva Clay,eclayb1@vk.com,fDsL0fV98M,Female,1998-02-17,Paralegal,STUDENT,1,BIT
Emalia Ferneyhough,eferneyhoughb2@huffingtonpost.com,jHmrsFljCGG,Non-binary,1983-12-16,Graphic Designer,FACULTY,,
Georg McGlone,gmcgloneb3@slate.com,rYdkKEgK,Male,1990-10-08,Software Consultant,STUDENT,1,BIT
Rosy Oguz,roguzb4@yellowbook.com,vHVmJLL,Female,1988-01-14,Accountant II,FACULTY,,
Pinchas Laybourn,playbournb5@4shared.com,Wasprd,Male,1991-04-28,Geological Engineer,STUDENT,1,BIT
Pearline Burger,pburgerb6@bbb.org,h942qnKTzVCq,Female,1982-05-04,Research Assistant IV,FACULTY,,
Terri Murcutt,tmurcuttb7@posterous.com,OJjS2g,Female,1979-09-04,Project Manager,FACULTY,,
Iosep Haggart,ihaggartb8@java.com,r2UoaeF,Male,1998-03-18,Paralegal,STUDENT,1,BIT
Fabe Dohrmann,fdohrmannb9@macromedia.com,vOxOMeT1d,Male,1987-06-21,Pharmacist,FACULTY,,
Giorgio de Tocqueville,gdeba@edublogs.org,z1y31uqN,Male,1997-09-04,Legal Assistant,STUDENT,1,BIT
Ashlen Keel,akeelbb@cisco.com,arzTZrFVA,Female,1995-02-20,VP Accounting,STUDENT,1,BIT
Darby Snalum,dsnalumbc@ucsd.edu,7H6meJ,Male,1979-12-10,Analyst Programmer,FACULTY,,
Valdemar Selwyne,vselwynebd@t-online.de,qMx34U4,Male,1985-12-30,Administrative Officer,FACULTY,,
Richart Marqyes,rmarqyesbe@ihg.com,LlbPmJx,Male,1987-02-07,Senior Quality Engineer,FACULTY,,
Leonardo Sprionghall,lsprionghallbf@cmu.edu,Ia3FOXYmsqsj,Male,1995-12-23,Operator,STUDENT,1,BIT
Dirk Veare,dvearebg@cbslocal.com,BZBa3X,Male,1987-03-26,Senior Editor,FACULTY,,
Lucho Leeuwerink,lleeuwerinkbh@merriam-webster.com,XMlhC8wXONya,Genderfluid,1988-10-25,Senior Editor,FACULTY,,
Bamby Durtnel,bdurtnelbi@netscape.com,v4FBGXjq,Female,1992-01-21,Sales Associate,STUDENT,1,BIT
Selie Coulston,scoulstonbj@earthlink.net,HkXeev06zW,Female,1994-04-16,Structural Engineer,STUDENT,1,BIT
Hew Linnane,hlinnanebk@goo.gl,hSOmn4JpF,Male,1985-06-17,Legal Assistant,FACULTY,,
Rayner Olenov,rolenovbl@themeforest.net,DC8vyKYf,Male,1997-02-10,Account Representative IV,STUDENT,1,BIT
Marve Lahrs,mlahrsbm@weebly.com,NTwO1yhd,Male,1998-01-30,Statistician III,STUDENT,1,BIT
Morly Blown,mblownbn@wikipedia.org,vklNI4,Male,1981-01-03,Compensation Analyst,FACULTY,,
Bernete Boothby,bboothbybo@typepad.com,ofvMBjDgs2,Female,1994-10-22,Geologist III,STUDENT,1,BIT
Gran Kummerlowe,gkummerlowebp@nsw.gov.au,zl5ljFw5IuDF,Non-binary,1998-03-06,Programmer Analyst II,STUDENT,1,BIT
Filbert Hrachovec,fhrachovecbq@goodreads.com,qGBTsY2fVBcx,Male,2000-06-25,Tax Accountant,STUDENT,1,BIT
Jana Slack,jslackbr@naver.com,S2I61Nx4nr6,Female,1990-07-02,Actuary,STUDENT,1,BIT
Thomasine Beaument,tbeaumentbs@flickr.com,ZJjEX0o2Fxuv,Female,1982-01-18,Staff Scientist,FACULTY,,
Christin Truss,ctrussbt@de.vu,kJsAN3RecP,Female,1981-07-20,Programmer Analyst II,FACULTY,,
Artemis Littledyke,alittledykebu@bing.com,NcUIDD,Male,1992-03-07,Executive Secretary,STUDENT,1,BIT
Trstram Abilowitz,tabilowitzbv@ask.com,P4n2RYuZ,Male,1988-07-15,Social Worker,FACULTY,,
Vonnie Vurley,vvurleybw@multiply.com,JPzyHyD,Female,1999-06-09,Legal Assistant,STUDENT,1,BIT
Gwen Barnardo,gbarnardobx@businessweek.com,hxYw7YQh,Female,1993-02-23,Media Manager II,STUDENT,1,BIT
Berkly Nelmes,bnelmesby@usa.gov,MMP9O14Puk,Male,1979-09-09,Senior Financial Analyst,FACULTY,,
Merna Richardeau,mrichardeaubz@sbwire.com,byi8o0,Female,1992-01-09,VP Product Management,STUDENT,1,BIT
Titus Codling,tcodlingc0@uol.com.br,b0YAvW,Male,1996-05-25,Information Systems Manager,STUDENT,1,BIT
Sherry Boulstridge,sboulstridgec1@ning.com,3HB2BFu,Female,1987-02-12,Payment Adjustment Coordinator,FACULTY,,
Jeffry Standfield,jstandfieldc2@merriam-webster.com,h1AgbVxRnB,Male,1984-08-14,Staff Scientist,FACULTY,,
Ainsley Hixson,ahixsonc3@vimeo.com,wYMqNex,Female,2000-03-24,VP Sales,STUDENT,1,BIT
Wash Gillinghams,wgillinghamsc4@netvibes.com,Z48y6Hk6,Non-binary,1997-09-22,Programmer Analyst I,STUDENT,1,BIT
Faustina De la Perrelle,fdec5@bloomberg.com,tYv7L0,Female,1980-06-16,Chief Design Engineer,FACULTY,,
Annice Brien,abrienc6@devhub.com,YzZtQc0wjA,Female,1987-05-02,Product Engineer,FACULTY,,
Paolo Vossing,pvossingc7@prweb.com,nGTg0iFL1i,Male,1981-10-12,Graphic Designer,FACULTY,,
Timmy Sherar,tsherarc8@moonfruit.com,dPkrnXjY7,Male,1983-04-05,Health Coach II,FACULTY,,
Gideon Lente,glentec9@infoseek.co.jp,dXRaCJYxl,Male,1982-11-16,Recruiter,FACULTY,,
Otis Blas,oblasca@huffingtonpost.com,8zR96Dyua,Male,1994-11-03,Help Desk Technician,STUDENT,1,BIT
Sydelle Elliott,selliottcb@amazon.de,nLUS4K,Female,1997-09-07,Human Resources Manager,STUDENT,1,BIT
Rikki Pickring,rpickringcc@weather.com,ndb2hRl,Female,1986-01-08,Nurse Practicioner,FACULTY,,
Krissy Millbank,kmillbankcd@reuters.com,KJGaIif0cnD,Female,1984-12-24,Cost Accountant,FACULTY,,
Tommie Rzehor,trzehorce@spiegel.de,2h1U4IiDPjNf,Genderqueer,1996-09-01,Financial Advisor,STUDENT,1,BIT
Deloris Abrahams,dabrahamscf@adobe.com,SAh8kTC,Female,1989-03-20,Administrative Officer,FACULTY,,
Fredrick Billett,fbillettcg@nhs.uk,oDliWvUkoaz,Male,1989-02-08,Senior Editor,FACULTY,,
Nelli Motte,nmottech@aboutads.info,lDtdZRLH,Female,2000-10-16,Food Chemist,STUDENT,1,BIT
Far Clemetts,fclemettsci@washingtonpost.com,Sc92vxsD7PP,Male,1987-05-28,General Manager,FACULTY,,
Filberto Schusterl,fschusterlcj@who.int,AA3JQEtFS,Male,1998-08-28,Help Desk Technician,STUDENT,1,BIT
Steward Doumerc,sdoumercck@meetup.com,VqrRVPhgM,Male,1988-11-16,Analog Circuit Design manager,FACULTY,,
Lexis Fould,lfouldcl@hc360.com,YQfQtwd,Female,1991-01-25,Pharmacist,STUDENT,1,BIT
Drew Anscott,danscottcm@usgs.gov,opERVwV,Male,1997-07-21,Assistant Media Planner,STUDENT,1,BIT
Charmane Spensly,cspenslycn@altervista.org,TR5OeUMQ4c,Female,1985-04-18,Sales Representative,FACULTY,,
Clementius Thwaite,cthwaiteco@globo.com,IeEQFsuirHt,Male,1996-03-15,Tax Accountant,STUDENT,1,BIT
Gloriane Vallack,gvallackcp@geocities.jp,2VbNWnPz6lP1,Female,1986-01-10,Pharmacist,FACULTY,,
Drusilla Burtonwood,dburtonwoodcq@tinypic.com,6xH6uPEyuI,Female,1983-09-09,Research Associate,FACULTY,,
Russ Eunson,reunsoncr@hibu.com,bfdts91,Male,1991-07-17,Software Consultant,STUDENT,1,BIT
Alameda Gooday,agoodaycs@noaa.gov,2va6F9,Female,1998-10-28,VP Marketing,STUDENT,1,BIT
Ysabel Dabes,ydabesct@list-manage.com,xZM4lrvTW,Female,1988-03-03,Nurse Practicioner,FACULTY,,
Derrik Snelson,dsnelsoncu@apple.com,cft3Ro7jk,Male,1987-08-22,Financial Analyst,FACULTY,,
Clarine Prettejohns,cprettejohnscv@theatlantic.com,cExWJzD66,Female,1995-11-02,Occupational Therapist,STUDENT,1,BIT
Daniel Allsep,dallsepcw@techcrunch.com,LyBmhFqu3tK,Polygender,1989-05-31,Web Designer III,STUDENT,1,BIT
Godwin Gilyatt,ggilyattcx@hubpages.com,Ga8zAXzO,Male,1996-02-28,Recruiter,STUDENT,1,BIT
Henrietta Ostick,hostickcy@wsj.com,8qxHAC3u,Female,1987-04-11,Health Coach IV,FACULTY,,
Agosto Morris,amorriscz@usda.gov,79z74m6npG,Male,1994-10-04,Accountant IV,STUDENT,1,BIT
Marylee Ferentz,mferentzd0@weebly.com,N3UQTHGPKJ,Female,1989-07-15,Chief Design Engineer,STUDENT,1,BIT
Rebecca Dealy,rdealyd1@ebay.com,Fctx5i,Bigender,1982-06-09,Environmental Specialist,FACULTY,,
Smitty Lillywhite,slillywhited2@forbes.com,FQIbKfM1b,Male,1987-03-09,Senior Sales Associate,FACULTY,,
Laird Rosenwasser,lrosenwasserd3@jimdo.com,PhuqfG6k,Male,1985-10-27,Financial Analyst,FACULTY,,
Essa Spence,espenced4@weebly.com,Ijg861C7,Genderqueer,1988-05-22,Assistant Manager,FACULTY,,
Effie Wegener,ewegenerd5@bloglovin.com,NNglIf9QJf,Female,1993-09-21,Compensation Analyst,STUDENT,1,BIT
Caresse Rispine,crispined6@parallels.com,LG0ukq,Female,1984-05-15,Assistant Manager,FACULTY,,
Kristi Beaufoy,kbeaufoyd7@dedecms.com,Vdp6vN,Female,1988-05-28,Senior Quality Engineer,FACULTY,,
Elias Davidai,edavidaid8@about.com,DBozlOM,Male,1985-02-26,Executive Secretary,FACULTY,,
Agnese Wolfinger,awolfingerd9@csmonitor.com,7xBO54,Female,2000-08-03,Research Nurse,STUDENT,1,BIT
Dusty Adriaan,dadriaanda@bloomberg.com,rZpm7t7w9Dzy,Female,1987-08-09,Research Assistant IV,FACULTY,,
Sheilakathryn Trahair,strahairdb@si.edu,PDiBJEL,Female,1984-05-08,Environmental Specialist,FACULTY,,
Aleece Quarterman,aquartermandc@reference.com,pakojmN9,Female,1986-05-04,Help Desk Operator,FACULTY,,
Elnar Sharman,esharmandd@addthis.com,cAfetAjQZ,Male,1999-07-08,Physical Therapy Assistant,STUDENT,1,BIT
Lara Tansley,ltansleyde@barnesandnoble.com,qAoo8aKNirp,Agender,1994-02-20,Community Outreach Specialist,STUDENT,1,BIT
Eugen Nyland,enylanddf@weibo.com,i0O8LR5dm,Male,1998-03-27,GIS Technical Architect,STUDENT,1,BIT
Archaimbaud Cockling,acocklingdg@arstechnica.com,ED0Wr9Jt3EB,Male,1994-03-20,Sales Representative,STUDENT,1,BIT
Alis Nappin,anappindh@geocities.com,a6pjMt9j6Y,Female,1980-12-05,Business Systems Development Analyst,FACULTY,,
Rutter Ridolfo,rridolfodi@pinterest.com,tUTefUG8CF,Male,1997-07-02,Paralegal,STUDENT,1,BIT
Washington Tunnadine,wtunnadinedj@ehow.com,eBu6nj,Male,1981-11-04,Graphic Designer,FACULTY,,
Cassandre Tritton,ctrittondk@engadget.com,F5gNTNM,Female,1998-09-12,Director of Sales,STUDENT,1,BIT
Barnabas Brackley,bbrackleydl@vk.com,b63yXz,Male,1994-11-06,Senior Quality Engineer,STUDENT,1,BIT
Oren Reisenberg,oreisenbergdm@nih.gov,QCkFeaRm7ta,Male,1980-11-11,Help Desk Operator,FACULTY,,
Lesli Lucock,llucockdn@umn.edu,oXd4BjCr40,Female,1988-02-17,Human Resources Manager,FACULTY,,
Claudette MacGorman,cmacgormando@free.fr,ZIxjKcDH,Female,1983-08-16,Financial Advisor,FACULTY,,
Natala Critcher,ncritcherdp@dailymotion.com,7AJh9ecO2yH5,Non-binary,1989-11-21,Clinical Specialist,STUDENT,1,BIT
Karlen Vedeshkin,kvedeshkindq@berkeley.edu,1V4cw6S,Female,1994-08-10,Help Desk Technician,STUDENT,1,BIT
Elfrida Tilio,etiliodr@ucla.edu,FeEJRk5,Genderqueer,1994-06-19,Professor,STUDENT,1,BIT
Linnell Espinay,lespinayds@wikipedia.org,bILBr5Y8pf,Female,1979-06-13,Developer IV,FACULTY,,
Randall Mowsley,rmowsleydt@biglobe.ne.jp,Qph8Mb,Male,1986-12-28,Marketing Assistant,FACULTY,,
Guss Hadenton,ghadentondu@taobao.com,eU7zjE,Male,1995-07-10,Marketing Manager,STUDENT,1,BIT
Guinevere Zelner,gzelnerdv@dion.ne.jp,hc1YztW,Female,1981-09-06,Software Test Engineer III,FACULTY,,
Faulkner Kondrat,fkondratdw@umn.edu,3zRZ97nAbkzl,Male,1985-12-02,Quality Engineer,FACULTY,,
Sissie Haburne,shaburnedx@mit.edu,E7tbBRqsqCxR,Genderqueer,1988-01-18,Chemical Engineer,FACULTY,,
Kial Yewman,kyewmandy@google.es,qvIAqhUcc,Female,1979-09-05,Human Resources Assistant III,FACULTY,,
Frants Woakes,fwoakesdz@yale.edu,hN45davulC6y,Male,2000-02-24,Office Assistant III,STUDENT,1,BIT
Annmaria Gosnold,agosnolde0@hp.com,zI56iewio1s,Female,1981-11-13,Physical Therapy Assistant,FACULTY,,
Ferrel Eathorne,feathornee1@state.gov,MjGGEEh,Male,1997-01-02,Cost Accountant,STUDENT,1,BIT
Georgie Riquet,griquete2@pcworld.com,SYjgi65,Male,1991-11-04,Web Developer IV,STUDENT,1,BIT
Toiboid Petyt,tpetyte3@studiopress.com,9xagvUdj,Male,1990-09-02,Analyst Programmer,STUDENT,1,BIT
Nicholle Heatley,nheatleye4@state.tx.us,EunLuyLiEr7,Female,1997-05-03,Marketing Assistant,STUDENT,1,BIT
Robbert Kaine,rkainee5@illinois.edu,lT8jellxS,Male,1980-09-22,Web Developer II,FACULTY,,
Forrest Yves,fyvese6@redcross.org,4eFQTOXi38I,Male,1981-11-13,Payment Adjustment Coordinator,FACULTY,,
Reggis Nendick,rnendicke7@yellowpages.com,dzfJXx6kzbO,Bigender,1989-04-04,Design Engineer,FACULTY,,
Alick Botha,abothae8@seattletimes.com,7ppsX4oX,Male,1985-07-15,VP Product Management,FACULTY,,
Douglas Shimoni,dshimonie9@biblegateway.com,qmvsa4kRPB,Male,1984-03-19,Assistant Media Planner,FACULTY,,
Gaylord McIver,gmciverea@businesswire.com,XWYYM4A,Male,1995-12-25,Engineer IV,STUDENT,1,BIT
Verla Milvarnie,vmilvarnieeb@macromedia.com,ZELkDlVFDd,Non-binary,1994-12-22,Research Nurse,STUDENT,1,BIT
Kris Breitler,kbreitlerec@delicious.com,DHNE76h2T,Female,1995-06-10,Civil Engineer,STUDENT,1,BIT
Auria Tollow,atollowed@epa.gov,mpT9sEtcTL7,Female,1980-03-02,Compensation Analyst,FACULTY,,
Dunstan Trude,dtrudeee@kickstarter.com,ahc9oQo,Male,1996-04-04,Administrative Officer,STUDENT,1,BIT
Clayborne Liddington,cliddingtonef@ameblo.jp,f9b0LcxWo,Male,1999-02-12,Geological Engineer,STUDENT,1,BIT
Marin Richardes,mrichardeseg@mediafire.com,qkj1yy,Non-binary,1997-11-23,Software Engineer IV,STUDENT,1,BIT
Marlo Baldoni,mbaldonieh@princeton.edu,1fHVxOQXvW71,Male,1998-05-26,Help Desk Technician,STUDENT,1,BIT
Madeleine Hunter,mhunterei@wisc.edu,QUr2NUp5aTF,Female,1996-03-03,Information Systems Manager,STUDENT,1,BIT
Anna-diana Carrell,acarrellej@sfgate.com,v6NNYus,Female,2000-06-18,Developer I,STUDENT,1,BIT
Sherill Hedlestone,shedlestoneek@miibeian.gov.cn,E8PK0QXOF6,Non-binary,1982-08-03,Account Executive,FACULTY,,
Tremayne Houston,thoustonel@wikipedia.org,MANtfZ46XI,Male,2000-10-31,Structural Engineer,STUDENT,1,BIT
Lois Cardow,lcardowem@reddit.com,lhsMmRSn,Female,1999-01-26,Computer Systems Analyst II,STUDENT,1,BIT
Lynelle Sawden,lsawdenen@hc360.com,wuFvih,Female,1989-03-04,Geological Engineer,FACULTY,,
Alain Twinning,atwinningeo@businessinsider.com,VqYzWJKE,Male,1991-11-03,Electrical Engineer,STUDENT,1,BIT
Juline Coverley,jcoverleyep@ebay.co.uk,JSOKTkkG,Female,1993-01-18,Account Representative II,STUDENT,1,BIT
Ardis Calway,acalwayeq@craigslist.org,fQZXSJA1,Female,1987-08-20,Quality Control Specialist,FACULTY,,
Nye Bridie,nbridieer@mayoclinic.com,L8p5rC3N,Male,2001-01-22,Civil Engineer,STUDENT,1,BIT
Frannie Wagstaff,fwagstaffes@ameblo.jp,df5darmt2J1,Male,1999-09-30,Civil Engineer,STUDENT,1,BIT
Helene Frankiewicz,hfrankiewiczet@facebook.com,9X1uA4m38i,Female,1995-12-21,Nurse Practicioner,STUDENT,1,BIT
Roselin Giacobillo,rgiacobilloeu@sciencedirect.com,bRUaqHfnXqOh,Female,1998-03-01,Account Coordinator,STUDENT,1,BIT
Viviana Clayal,vclayalev@unblog.fr,djmPsGJa4,Female,1984-01-02,Chief Design Engineer,FACULTY,,
Charleen Josskovitz,cjosskovitzew@multiply.com,pw6ghVN,Female,1999-12-12,Registered Nurse,STUDENT,1,BIT
Allister Kneebone,akneeboneex@princeton.edu,8zQZDr,Male,1999-09-10,Biostatistician III,STUDENT,1,BIT
Kincaid Moyser,kmoyserey@bizjournals.com,K9vUFUt4,Male,1991-06-17,Developer II,STUDENT,1,BIT
Jarret McLaggan,jmclagganez@qq.com,g3KE5D7W,Male,1994-06-08,Systems Administrator II,STUDENT,1,BIT
Susan Kaveney,skaveneyf0@sciencedaily.com,oax9rfk3,Female,1981-11-30,Legal Assistant,FACULTY,,
Lizabeth Hallifax,lhallifaxf1@domainmarket.com,I0u3SOX9,Female,1982-02-03,Assistant Manager,FACULTY,,
Hernando Gagan,hgaganf2@hibu.com,mi54Z0IyV,Male,1996-07-17,Human Resources Manager,STUDENT,1,BIT
Raquela Cornwall,rcornwallf3@ucoz.ru,3uhvEGqhfjT,Female,1996-10-01,Marketing Assistant,STUDENT,1,BIT
Berenice Adame,badamef4@shareasale.com,1d70REVvG,Female,1989-10-07,Office Assistant IV,STUDENT,1,BIT
Elise Blakes,eblakesf5@youtu.be,BIkjo7fY9tM,Female,1995-04-01,Marketing Manager,STUDENT,1,BIT
Sherie Roseblade,srosebladef6@gmpg.org,0Pm0MAOfn,Female,1989-09-26,Web Designer III,STUDENT,1,BIT
Leilah Grooby,lgroobyf7@forbes.com,azn97Jpc,Female,1988-01-06,Senior Cost Accountant,FACULTY,,
Zitella Etteridge,zetteridgef8@dion.ne.jp,4qJwo6jUc,Female,1998-02-14,Payment Adjustment Coordinator,STUDENT,1,BIT
Caspar Scopham,cscophamf9@cargocollective.com,O41yAVxs,Male,1983-12-04,Account Executive,FACULTY,,
Donnie Dowry,ddowryfa@ft.com,HHXptXw,Male,1983-07-08,Mechanical Systems Engineer,FACULTY,,
Kaleena Rocco,kroccofb@blog.com,uWr9xN,Female,1993-11-17,Environmental Specialist,STUDENT,1,BIT
Hieronymus Decayette,hdecayettefc@dmoz.org,79ZPyXImNPkm,Male,1982-07-18,Design Engineer,FACULTY,,
Hyacinth Spellesy,hspellesyfd@artisteer.com,b8Qkjo,Female,1989-03-14,Librarian,FACULTY,,
Cchaddie Dunbabin,cdunbabinfe@reddit.com,zxqkASCo3u,Male,1984-09-29,Financial Advisor,FACULTY,,
Bryn Theyer,btheyerff@tuttocitta.it,k2TuxNGFVZB,Bigender,1980-11-01,Financial Advisor,FACULTY,,
Gretel Smaile,gsmailefg@nifty.com,4sZ67p,Female,1985-01-21,Operator,FACULTY,,
Jarid Downe,jdownefh@ucla.edu,52dHyPdC,Male,1987-10-14,Administrative Officer,FACULTY,,
Krista Skelly,kskellyfi@tmall.com,BLWtnD2,Female,2001-01-01,Geological Engineer,STUDENT,1,BIT
Consuela Glendinning,cglendinningfj@spotify.com,mdk30zzx,Female,1981-11-26,Technical Writer,FACULTY,,
May Axworthy,maxworthyfk@ucsd.edu,mVJDhL,Female,1993-12-15,Environmental Specialist,STUDENT,1,BIT
Jessalin Geerling,jgeerlingfl@squidoo.com,GNnfbm8TTmDj,Female,1999-02-14,Web Developer III,STUDENT,1,BIT
Cary Wagenen,cwagenenfm@bluehost.com,C5xKhSmFCM,Female,1981-05-23,Graphic Designer,FACULTY,,
Rik Ziemke,rziemkefn@apache.org,kExd6vO4,Male,1999-02-22,General Manager,STUDENT,1,BIT
Thorndike Mont,tmontfo@eepurl.com,zU0xUHI,Male,1994-01-28,Data Coordiator,STUDENT,1,BIT
Emelita Smales,esmalesfp@washington.edu,UjJNuDYvhM,Agender,1981-04-05,Account Executive,FACULTY,,
Drucill Parzis,dparzisfq@examiner.com,7zakQpEEdG,Female,2000-08-23,Executive Secretary,STUDENT,1,BIT
Christina Rampley,crampleyfr@google.com.hk,qSGANwXN9UFL,Female,1999-11-28,Associate Professor,STUDENT,1,BIT
Sarene Demsey,sdemseyfs@sina.com.cn,2vetilgWQ,Female,1982-08-30,Junior Executive,FACULTY,,
Flossie Pulteneye,fpulteneyeft@ftc.gov,mKGzQ9A3p,Female,1996-06-20,Geologist IV,STUDENT,1,BIT
Gilbert Lutsch,glutschfu@hp.com,Hrbn0GQbvvuK,Male,1992-02-16,Operator,STUDENT,1,BIT
Zilvia Duchant,zduchantfv@hatena.ne.jp,XjwpmAKZrR,Female,1988-05-17,Software Test Engineer II,FACULTY,,
Zandra Hopkins,zhopkinsfw@sphinn.com,LLP9bM3QCTNS,Female,1990-10-16,Director of Sales,STUDENT,1,BIT
Dulcinea Jillions,djillionsfx@linkedin.com,yRiX3Q2jqlq,Female,2000-09-05,Recruiting Manager,STUDENT,1,BIT
Hillary Jozsika,hjozsikafy@ed.gov,m4y8S84Lz,Male,1994-03-28,Administrative Assistant IV,STUDENT,1,BIT
Hobey Higbin,hhigbinfz@nba.com,VmOtpnjKh,Male,1996-12-06,VP Accounting,STUDENT,1,BIT
Priscella William,pwilliamg0@csmonitor.com,kVf6229gU6f,Female,1986-11-11,Electrical Engineer,FACULTY,,
Corbett Chick,cchickg1@microsoft.com,UyNqd3,Male,1989-11-22,Paralegal,STUDENT,1,BIT
Ellyn Hartell,ehartellg2@kickstarter.com,Wp2A4f4,Female,1996-12-22,Nuclear Power Engineer,STUDENT,1,BIT
Hort Douty,hdoutyg3@webeden.co.uk,PazmC9DbV,Male,2000-08-07,Account Executive,STUDENT,1,BIT
Tanny Grosier,tgrosierg4@unicef.org,fPKrJdg9K,Male,1986-05-28,Research Assistant I,FACULTY,,
Alvie Earsman,aearsmang5@google.pl,AyRpFF,Male,1983-03-12,Senior Quality Engineer,FACULTY,,
Wilt Carnaman,wcarnamang6@upenn.edu,5EZhAPudac,Male,1980-05-17,Environmental Tech,FACULTY,,
Harriott Delf,hdelfg7@addtoany.com,q1sbAb,Female,1985-08-10,VP Accounting,FACULTY,,
Salvador Orrice,sorriceg8@posterous.com,pDE3wCvAW9D,Male,1990-06-25,Nuclear Power Engineer,STUDENT,1,BIT
Lucy Jepperson,ljeppersong9@reddit.com,OUTHUl,Female,1982-10-06,VP Quality Control,FACULTY,,
Silvan Grzegorecki,sgrzegoreckiga@domainmarket.com,lXRKufdyXfQ2,Male,1981-04-25,Environmental Tech,FACULTY,,
Brynn Rean,breangb@europa.eu,9nXM3rSxdjs,Female,1986-02-24,Software Test Engineer II,FACULTY,,
Giffer Vallens,gvallensgc@xrea.com,D3WNvbOb1w9,Male,1980-07-30,Junior Executive,FACULTY,,
Eddi Spencers,espencersgd@statcounter.com,Dr8GFS7Fwn,Female,1986-10-23,Analyst Programmer,FACULTY,,
Rivkah Barens,rbarensge@altervista.org,7rJJpPBqR,Female,1984-07-22,Editor,FACULTY,,
Brier Fludder,bfluddergf@wisc.edu,403rlInr8R,Female,1993-02-16,Chemical Engineer,STUDENT,1,BIT
Pru Kneller,pknellergg@nba.com,OVR6esmYy2vl,Polygender,1981-04-21,Information Systems Manager,FACULTY,,
Tiphani Burds,tburdsgh@phoca.cz,QnYl4Iy3,Female,1991-06-28,Nuclear Power Engineer,STUDENT,1,BIT
Tildy Pettitt,tpettittgi@tuttocitta.it,vYaA4LaCVJT,Female,1985-08-20,Chemical Engineer,FACULTY,,
Kerr Dorbon,kdorbongj@yahoo.com,Rh3QJar6LbWx,Male,1983-10-27,Clinical Specialist,FACULTY,,
Sven Schwieso,sschwiesogk@ycombinator.com,9CyZOpsq,Male,1992-04-26,Account Executive,STUDENT,1,BIT
Brig Akeherst,bakeherstgl@ihg.com,3jUb2Q3K6,Male,1985-12-30,Sales Representative,FACULTY,,
Cynde Hannaby,channabygm@disqus.com,aoMUmQnAwiKJ,Female,1997-06-09,Nurse Practicioner,STUDENT,1,BIT
Claire Castano,ccastanogn@example.com,gH1oK2Y,Male,1980-05-12,Community Outreach Specialist,FACULTY,,
Marwin Shurmer,mshurmergo@house.gov,yTf6CEEbYt,Male,1986-10-05,Accounting Assistant IV,FACULTY,,
Emilio Ketchaside,eketchasidegp@wikispaces.com,JxVVj4tmIu,Male,1996-02-12,Automation Specialist III,STUDENT,1,BIT
Annecorinne Pendlebury,apendleburygq@europa.eu,CPH2EZBa,Female,1981-04-24,Librarian,FACULTY,,
Loutitia Zwicker,lzwickergr@wunderground.com,e2TtdR,Female,1991-08-01,Chemical Engineer,STUDENT,1,BIT
Gillan Phillot,gphillotgs@newyorker.com,UmVEG4F,Female,1990-07-02,Project Manager,STUDENT,1,BIT
Sigismondo Thornebarrow,sthornebarrowgt@flickr.com,kmUsgxhwQ7,Male,1990-03-27,Senior Cost Accountant,STUDENT,1,BIT
Rochelle Lillgard,rlillgardgu@icq.com,NgTBbEd9edJ,Female,1994-09-17,Teacher,STUDENT,1,BIT
Eleanora Threadkell,ethreadkellgv@yelp.com,YrjcQwa,Agender,1984-09-11,Recruiter,FACULTY,,
Marietta McGilben,mmcgilbengw@thetimes.co.uk,l3BD5sl,Female,1980-05-08,Account Representative IV,FACULTY,,
Ryann Whitland,rwhitlandgx@theatlantic.com,9QSdp7As,Female,1986-02-20,Clinical Specialist,FACULTY,,
Cherin McTerlagh,cmcterlaghgy@china.com.cn,4yAjqVWTQ3,Female,1997-12-26,Occupational Therapist,STUDENT,1,BIT
Orly Bonallack,obonallackgz@state.gov,J9UrWOc2,Female,1993-05-25,Executive Secretary,STUDENT,1,BIT
Alfonso Wheelband,awheelbandh0@wiley.com,I57j0MEXsUhi,Male,1981-12-12,Assistant Professor,FACULTY,,
Enrique Ledgard,eledgardh1@nasa.gov,5V2FJDcufg,Polygender,1988-12-13,Food Chemist,FACULTY,,
Moore Bendall,mbendallh2@multiply.com,JYlVRZCEvS,Male,1979-12-28,Assistant Media Planner,FACULTY,,
Rosie Trevarthen,rtrevarthenh3@wikia.com,nwtO8LLwmwGw,Female,1998-04-11,Accountant II,STUDENT,1,BIT
Augustus Blacklidge,ablacklidgeh4@123-reg.co.uk,rbwCTsce1,Polygender,1990-11-08,Speech Pathologist,STUDENT,1,BIT
Shadow Jagoe,sjagoeh5@odnoklassniki.ru,6GRwDTgc,Male,1980-03-05,Business Systems Development Analyst,FACULTY,,
Mata Simacek,msimacekh6@mediafire.com,49znTQvgmnH,Male,1990-08-11,Administrative Assistant III,STUDENT,1,BIT
Pall MacParlan,pmacparlanh7@weibo.com,fpaYhW,Male,1982-06-05,Automation Specialist IV,FACULTY,,
Cinderella Piwall,cpiwallh8@yale.edu,IFXNDO4msL,Bigender,1999-03-24,Environmental Tech,STUDENT,1,BIT
Cam Lougheid,clougheidh9@wp.com,Ib9T3Y,Female,1992-05-26,Programmer I,STUDENT,1,BIT
Rutherford Edgley,redgleyha@state.gov,6tLiPNl7,Male,1999-03-16,Speech Pathologist,STUDENT,1,BIT
Adelheid Trustey,atrusteyhb@yellowpages.com,8zJhtTowTsjz,Agender,2000-10-01,General Manager,STUDENT,1,BIT
Rebeca Ramel,rramelhc@deviantart.com,Zl1pnuOTFDUM,Female,1992-07-26,Assistant Manager,STUDENT,1,BIT
Ezri Sigmund,esigmundhd@scientificamerican.com,COVjmKUX,Male,1989-06-28,Technical Writer,STUDENT,1,BIT
Mikaela Hallick,mhallickhe@virginia.edu,6SiIdjOQ,Female,1984-03-12,Senior Sales Associate,FACULTY,,
Niall Planks,nplankshf@google.fr,smyvJsjWg7,Male,1994-09-07,Design Engineer,STUDENT,1,BIT
Joseito Scowcroft,jscowcrofthg@joomla.org,ScjtagoDhV,Male,1981-10-03,Paralegal,FACULTY,,
Pooh Philippet,pphilippethh@drupal.org,bqvDlu,Male,1987-06-08,Cost Accountant,FACULTY,,
Maurits Mead,mmeadhi@prweb.com,paDYWi5lS,Male,1999-12-19,Physical Therapy Assistant,STUDENT,1,BIT
Weidar Spurett,wspuretthj@theglobeandmail.com,bsY4A3Wc9RH,Male,1985-05-03,Software Consultant,FACULTY,,
Stuart Perone,speronehk@merriam-webster.com,aqsEExm,Male,1997-06-10,Sales Associate,STUDENT,1,BIT
Michael Pitcaithly,mpitcaithlyhl@google.com,iPa7WMQDC9,Bigender,1993-08-14,Environmental Specialist,STUDENT,1,BIT
Adolphe Helversen,ahelversenhm@facebook.com,m7y3HTyU,Bigender,1995-08-11,Programmer III,STUDENT,1,BIT
Sascha Rewcastle,srewcastlehn@lulu.com,mdgT9Yc1EH,Male,1982-02-16,Editor,FACULTY,,
Curry Crisp,ccrispho@sourceforge.net,GG71XPVf,Male,1993-02-22,Legal Assistant,STUDENT,1,BIT
Andria Cominetti,acominettihp@java.com,PBCYrVH2f,Female,1983-12-14,Office Assistant III,FACULTY,,
Mandy Michin,mmichinhq@reuters.com,JLK5icg,Genderqueer,1987-05-24,VP Accounting,FACULTY,,
Wyn Aldcorn,waldcornhr@ovh.net,Tve4EGb,Male,1980-11-14,Professor,FACULTY,,
Sal Elkin,selkinhs@apple.com,jdygd9n,Male,1994-09-30,Payment Adjustment Coordinator,STUDENT,1,BIT
Celene Boow,cboowht@alibaba.com,cjPD0K0,Female,1995-07-13,Human Resources Manager,STUDENT,1,BIT
Salmon Gingell,sgingellhu@shutterfly.com,IilEuv1FQ,Male,1988-10-14,Human Resources Manager,FACULTY,,
Augy Orridge,aorridgehv@usnews.com,hMTE9Bl0rn,Male,1997-07-06,Assistant Manager,STUDENT,1,BIT
Durant Lydford,dlydfordhw@telegraph.co.uk,bHa7w0usbA,Male,1984-04-15,Director of Sales,FACULTY,,
Dallis Durston,ddurstonhx@jalbum.net,hVUohmlSp,Male,1989-07-25,Associate Professor,STUDENT,1,BIT
Talbert Edeson,tedesonhy@networksolutions.com,AVeZFB,Male,1985-05-29,Nurse Practicioner,FACULTY,,
Chevalier Hakonsen,chakonsenhz@google.pl,Kg6B0EZSDwNc,Male,1983-04-15,Director of Sales,FACULTY,,
Ariela Pease,apeasei0@blogger.com,Vkok6H,Female,1987-07-09,Information Systems Manager,FACULTY,,
Micky Gavrielly,mgavriellyi1@weebly.com,s95UsG4QcWPQ,Male,1998-04-09,Design Engineer,STUDENT,1,BIT
Westbrooke Schimank,wschimanki2@a8.net,KNAucKRaPN,Male,1979-11-23,Environmental Tech,FACULTY,,
Elianore Kirrage,ekirragei3@statcounter.com,9XTxZq,Female,1985-05-26,Research Associate,FACULTY,,
Nickey Bushell,nbushelli4@exblog.jp,i7SpwJZi8Zz,Male,1992-02-12,Information Systems Manager,STUDENT,1,BIT
Lezlie McGloughlin,lmcgloughlini5@usgs.gov,PmAkco0Pvxr,Female,2000-06-28,Geologist II,STUDENT,1,BIT
Ely Fonte,efontei6@ed.gov,LhQCTt,Male,1991-10-03,Mechanical Systems Engineer,STUDENT,1,BIT
Juli Deakins,jdeakinsi7@squarespace.com,qHeQDv4gy04w,Female,2000-06-24,Nurse,STUDENT,1,BIT
Ossie Tarbard,otarbardi8@wix.com,dC4PExG,Genderqueer,1996-08-28,Administrative Officer,STUDENT,1,BIT
Babette Klamp,bklampi9@usda.gov,PqcmTRbxkkwS,Female,1990-06-05,Senior Quality Engineer,STUDENT,1,BIT
Fancie MacNeish,fmacneishia@gravatar.com,TSdgsY,Genderqueer,1997-09-02,Community Outreach Specialist,STUDENT,1,BIT
Berget Gallego,bgallegoib@blog.com,bCeqVAgz0P,Female,1985-03-23,Nuclear Power Engineer,FACULTY,,
Krispin Bullard,kbullardic@sbwire.com,kRhdWF,Male,1990-10-18,Mechanical Systems Engineer,STUDENT,1,BIT
Doroteya Zupa,dzupaid@japanpost.jp,MWeSH4DLgN9n,Female,1994-10-04,Clinical Specialist,STUDENT,1,BIT
Lynnelle Pettie,lpettieie@cocolog-nifty.com,eBfIwCc7ZLA,Female,1991-02-12,Structural Engineer,STUDENT,1,BIT
Caryn McRinn,cmcrinnif@delicious.com,wKgwpxTvVW,Female,1996-02-23,Structural Analysis Engineer,STUDENT,1,BIT
Roman Alderton,raldertonig@moonfruit.com,eP8tQkWvcm,Male,1986-08-05,Senior Financial Analyst,FACULTY,,
Lynette Bootherstone,lbootherstoneih@gnu.org,5J5P0a,Female,1986-11-16,Chief Design Engineer,FACULTY,,
Vinson Cripin,vcripinii@squarespace.com,wPE6ml,Male,1996-08-24,Office Assistant III,STUDENT,1,BIT
Stefanie Josilevich,sjosilevichij@bing.com,ao6cqn6L,Female,1990-02-19,Research Assistant III,STUDENT,1,BIT
Daphene Mollnar,dmollnarik@google.co.uk,G2bUcDuYFc,Female,1980-09-02,Occupational Therapist,FACULTY,,
D'arcy Thelwll,dthelwllil@examiner.com,QVCMEOOtrOx,Male,1994-11-26,Quality Engineer,STUDENT,1,BIT
Jeffry Botten,jbottenim@feedburner.com,Kuqm5BlviA,Male,1981-11-24,Database Administrator III,FACULTY,,
Gussie Baldi,gbaldiin@joomla.org,C4jvkO,Female,1991-12-03,Developer IV,STUDENT,1,BIT
Boonie Cornuau,bcornuauio@amazon.de,WcLUa0,Male,1996-07-17,Mechanical Systems Engineer,STUDENT,1,BIT
Ainslee Coutts,acouttsip@mediafire.com,p4ScAIt,Female,1996-07-31,Analog Circuit Design manager,STUDENT,1,BIT
Judy Acom,jacomiq@123-reg.co.uk,LW5IGfOG5Q,Female,1986-04-23,Professor,FACULTY,,
Roana Dreini,rdreiniir@chronoengine.com,JlotSR,Polygender,1983-03-06,Junior Executive,FACULTY,,
Perkin Georgeot,pgeorgeotis@nyu.edu,RwHs1M,Male,1984-08-28,Graphic Designer,FACULTY,,
Reinhard Hirsthouse,rhirsthouseit@boston.com,GRa4lCb,Male,1986-03-11,Media Manager IV,FACULTY,,
Valentin Donnelly,vdonnellyiu@archive.org,UDE5D1jL,Male,1995-03-14,Senior Sales Associate,STUDENT,1,BIT
Lynnette Finessy,lfinessyiv@theatlantic.com,TfAJzaqAa0dU,Female,1983-11-06,Senior Sales Associate,FACULTY,,
Erica Eat,eeatiw@jiathis.com,30vzcL,Female,1985-07-12,Financial Advisor,FACULTY,,
Gerhardine Grewes,ggrewesix@yelp.com,dID5MOH,Female,1992-02-18,Information Systems Manager,STUDENT,1,BIT
Mathilde Teek,mteekiy@indiatimes.com,RGSVmAStyik,Female,1998-05-31,Senior Developer,STUDENT,1,BIT
Kameko Overil,koveriliz@admin.ch,Lg93gUoT2h,Female,1987-01-14,VP Accounting,FACULTY,,
Sergeant Tidbald,stidbaldj0@newyorker.com,eRoDvL18,Male,1986-07-27,Occupational Therapist,FACULTY,,
Jackqueline Maciaszek,jmaciaszekj1@ning.com,PJ3XRA,Female,1988-07-19,Analog Circuit Design manager,FACULTY,,
Farica Ablewhite,fablewhitej2@google.it,FbfIld,Female,1984-01-03,Computer Systems Analyst III,FACULTY,,
Lance Anglish,langlishj3@census.gov,5w89Ik7a,Male,1991-03-14,Database Administrator II,STUDENT,1,BIT
Lisette Joliffe,ljoliffej4@twitter.com,APAauhTU,Female,1985-12-06,Systems Administrator II,FACULTY,,
Stuart Rudolfer,srudolferj5@imgur.com,WQbXxmw219n,Male,1997-10-25,Engineer IV,STUDENT,1,BIT
Kathye Currum,kcurrumj6@deviantart.com,ciEXKKwVkAju,Female,1989-12-19,Physical Therapy Assistant,STUDENT,1,BIT
Carine Barracks,cbarracksj7@cloudflare.com,iFckvFjUur,Genderqueer,1999-11-02,Staff Accountant III,STUDENT,1,BIT
Joell Spall,jspallj8@free.fr,ZdNqiFRhw9dQ,Female,1979-09-16,Actuary,FACULTY,,
Kira Osipov,kosipovj9@ftc.gov,OtGdaR,Bigender,1989-05-31,Assistant Professor,STUDENT,1,BIT
Frederico Bruyett,fbruyettja@google.de,dPQadLU,Male,1997-01-06,Geologist III,STUDENT,1,BIT
Hyman Inchbald,hinchbaldjb@ed.gov,XYerEOtF,Male,1995-06-21,Senior Editor,STUDENT,1,BIT
Creighton Bidwell,cbidwelljc@ucsd.edu,zVBudIOECL,Male,1981-03-12,Senior Quality Engineer,FACULTY,,
Rich Batrim,rbatrimjd@google.com.hk,CYJQB6rSEYId,Male,1993-10-02,Librarian,STUDENT,1,BIT
Kendal Bugg,kbuggje@omniture.com,W9WvaidvSWX,Male,1982-12-16,Safety Technician IV,FACULTY,,
Stefanie Hudspeth,shudspethjf@senate.gov,vFXUBPZ5BNH,Female,1995-07-21,VP Marketing,STUDENT,1,BIT
Deonne Sivil,dsiviljg@parallels.com,ai6iLmTJ6G,Female,1985-10-20,Technical Writer,FACULTY,,
Shandy Crady,scradyjh@shareasale.com,eyBIKbHbGlO9,Female,1996-02-09,Project Manager,STUDENT,1,BIT
Janella Gwioneth,jgwionethji@wunderground.com,DaL6noM,Female,1987-12-16,Research Assistant III,FACULTY,,
Dennie Philpault,dphilpaultjj@w3.org,H9culw,Female,1989-06-23,Account Representative I,STUDENT,1,BIT
Brendan Samber,bsamberjk@creativecommons.org,tD969y,Male,1980-08-28,Nuclear Power Engineer,FACULTY,,
Brooke Vaadeland,bvaadelandjl@ycombinator.com,IIMhXC,Male,1997-05-25,Cost Accountant,STUDENT,1,BIT
Waylan Brende,wbrendejm@house.gov,w31RgvG,Male,1999-09-13,Research Nurse,STUDENT,1,BIT
Nicolai Fessions,nfessionsjn@qq.com,rRf2YNZ,Male,1996-01-31,Accountant I,STUDENT,1,BIT
Maris Vedekhin,mvedekhinjo@google.it,pbDVVtjeFGj6,Female,1993-02-13,Marketing Manager,STUDENT,1,BIT
Bennie Whapham,bwhaphamjp@imdb.com,OgENMaWOytjO,Male,1986-04-26,Software Engineer II,FACULTY,,
Cass Goodspeed,cgoodspeedjq@wufoo.com,6O1eZLU,Male,1980-08-18,Safety Technician III,FACULTY,,
Jose Benadette,jbenadettejr@so-net.ne.jp,X1OfYrlJhUpN,Male,1988-06-19,Tax Accountant,FACULTY,,
Hayward O'Codihie,hocodihiejs@cbc.ca,WF5CV79QnVO,Male,1983-11-22,Librarian,FACULTY,,
Susannah Bruffell,sbruffelljt@pinterest.com,r7D5nTz,Female,1996-02-16,Account Representative I,STUDENT,1,BIT
Quintana Tidder,qtidderju@amazon.de,IHlFVm7VKE,Female,1983-12-24,Help Desk Operator,FACULTY,,
Nixie Pomphrey,npomphreyjv@webeden.co.uk,vmlxx1,Female,1988-06-29,VP Product Management,FACULTY,,
Dill Ridulfo,dridulfojw@google.com.br,R0JTa9cZOl,Male,1993-10-27,Administrative Assistant IV,STUDENT,1,BIT
Fabien Cardall,fcardalljx@adobe.com,qQj7DHB,Male,1985-07-25,Administrative Officer,FACULTY,,
Klarrisa Labroue,klabrouejy@arizona.edu,slQ6gyuU4o,Agender,1993-03-24,Marketing Assistant,STUDENT,1,BIT
Garold Danielsohn,gdanielsohnjz@hugedomains.com,iZe1evSyOdQ,Male,1995-01-20,Marketing Assistant,STUDENT,1,BIT
Creight Faughny,cfaughnyk0@phoca.cz,jonPsuNW8,Male,1984-12-05,Nurse Practicioner,FACULTY,,
Paola Bartholomieu,pbartholomieuk1@arizona.edu,mYUyZoKE5H,Female,1998-09-26,Project Manager,STUDENT,1,BIT
Dougy Sille,dsillek2@ca.gov,a16t9jEN0QH,Male,1986-01-04,Automation Specialist III,FACULTY,,
Obadiah Arrington,oarringtonk3@tiny.cc,qI0OVMNTlO,Male,1982-04-23,Operator,FACULTY,,
Berky Langthorne,blangthornek4@shop-pro.jp,V6lvCH,Genderqueer,1982-01-11,Food Chemist,FACULTY,,
Margaret Klass,mklassk5@usda.gov,Q2ppFzkfRpx9,Female,1980-08-01,Design Engineer,FACULTY,,
Edlin Bowen,ebowenk6@mit.edu,E8dUjD,Male,1992-06-15,Account Representative IV,STUDENT,1,BIT
Wilmer Wogden,wwogdenk7@comsenz.com,0rDD7USPSBK,Male,1994-04-16,Human Resources Manager,STUDENT,1,BIT
Marcile Jacquet,mjacquetk8@europa.eu,HK3IjG,Female,1989-11-02,Administrative Officer,STUDENT,1,BIT
Bartholomew Marvell,bmarvellk9@rediff.com,Riw9c0VP0,Male,1979-11-09,Quality Control Specialist,FACULTY,,
Clemmie Lonie,clonieka@independent.co.uk,WlyoX5wSM,Male,2000-05-14,Web Developer IV,STUDENT,1,BIT
Michaeline Edsell,medsellkb@google.de,MUYShEHUzkR,Female,1988-11-21,Librarian,FACULTY,,
Christoper Samter,csamterkc@gravatar.com,96i65o5wQyhi,Male,1985-08-06,Programmer Analyst III,FACULTY,,
Rosetta Shreeves,rshreeveskd@nifty.com,AE6TK3Awc9Q,Female,2000-07-12,Assistant Professor,STUDENT,1,BIT
Leo Marwood,lmarwoodke@artisteer.com,w0nPHk0up,Male,2000-12-24,Environmental Specialist,STUDENT,1,BIT
Elsy Kershaw,ekershawkf@netlog.com,Aubdje64,Female,1991-02-27,Senior Cost Accountant,STUDENT,1,BIT
Margit MacCallum,mmaccallumkg@geocities.jp,5Bdbnx6,Female,1980-02-08,GIS Technical Architect,FACULTY,,
Lisetta Reijmers,lreijmerskh@skyrock.com,JKYkcxgu,Female,1984-11-22,Human Resources Manager,FACULTY,,
Sophi Hillaby,shillabyki@macromedia.com,wWA7Ai,Female,1997-11-29,Account Executive,STUDENT,1,BIT
Pat Glusby,pglusbykj@rakuten.co.jp,6nNiYiF0b,Female,1982-08-06,Registered Nurse,FACULTY,,
Clifford Nand,cnandkk@edublogs.org,RT9C24ynsr8,Male,1997-10-01,Analyst Programmer,STUDENT,1,BIT
Aili Eddowis,aeddowiskl@google.nl,t8bhfmErMdFe,Female,1995-03-11,Data Coordiator,STUDENT,1,BIT
Ivor Clay,iclaykm@msu.edu,t9T62UyAhf,Male,1980-09-06,Senior Quality Engineer,FACULTY,,
Jaquenetta Couche,jcouchekn@seesaa.net,NmJyjDnENBYr,Female,1985-10-14,Human Resources Assistant I,FACULTY,,
Carolynn Cornil,ccornilko@printfriendly.com,QKeAQpqSp,Female,1986-01-16,Human Resources Assistant III,FACULTY,,
Pall Scannell,pscannellkp@networkadvertising.org,MKfBNSZ,Male,2001-04-09,Registered Nurse,STUDENT,1,BIT
Kippy Lucius,kluciuskq@uol.com.br,Xcy8GTKhk8s,Female,1989-08-02,Senior Cost Accountant,STUDENT,1,BIT
Leola Bohlmann,lbohlmannkr@sbwire.com,TbLpvWxr05xs,Female,1993-05-02,Dental Hygienist,STUDENT,1,BIT
Garner Amsberger,gamsbergerks@epa.gov,jHwFZq3u67rw,Male,1983-01-09,Legal Assistant,FACULTY,,
Otis Frayne,ofraynekt@eepurl.com,vsQ3IcCD,Male,1994-07-30,Help Desk Operator,STUDENT,1,BIT
Myriam Gillani,mgillaniku@nature.com,EMkZ68ZL,Female,1994-08-06,Assistant Media Planner,STUDENT,1,BIT
Babette Giraudat,bgiraudatkv@constantcontact.com,exfwWf0aQG,Female,1983-12-05,Quality Engineer,FACULTY,,
Drusy Nertney,dnertneykw@archive.org,ul9FGDf,Female,1997-08-05,Research Nurse,STUDENT,1,BIT
Wilburt Robardley,wrobardleykx@narod.ru,yy9SEOED,Male,1998-02-03,Clinical Specialist,STUDENT,1,BIT
Giavani Gosforth,ggosforthky@psu.edu,mJ2MqFyp,Male,1991-02-01,Recruiter,STUDENT,1,BIT
Werner Bourton,wbourtonkz@indiatimes.com,WPgcKZmZHJ99,Male,1983-07-18,Developer IV,FACULTY,,
Adore Messer,amesserl0@dmoz.org,2BZOTUvOK3t,Agender,1990-03-01,Senior Financial Analyst,STUDENT,1,BIT
Chaunce Kassman,ckassmanl1@msu.edu,HHc9iaQYjYod,Male,1994-12-24,Environmental Specialist,STUDENT,1,BIT
Dari Jolland,djollandl2@google.com,FnLNTW,Female,1986-09-01,Occupational Therapist,FACULTY,,
Delly Pinxton,dpinxtonl3@columbia.edu,enRaO6s,Female,1987-07-20,Project Manager,FACULTY,,
Cornelle Outridge,coutridgel4@wired.com,9kkAzZ,Female,1989-10-01,Data Coordiator,STUDENT,1,BIT
Verne Chishull,vchishulll5@mtv.com,E47iFRNxL,Male,1988-04-09,Health Coach I,FACULTY,,
Hazel Grut,hgrutl6@princeton.edu,fqUt8EHQ,Male,1980-04-20,Occupational Therapist,FACULTY,,
Jerrilee Smallbone,jsmallbonel7@sciencedaily.com,XC02jy7PXL3C,Female,1987-09-28,Executive Secretary,FACULTY,,
Vivianne Bushby,vbushbyl8@slate.com,dsJ9X8n,Female,1996-01-14,Associate Professor,STUDENT,1,BIT
Sasha Lantiffe,slantiffel9@exblog.jp,NJjQivgXlwG1,Male,1980-11-21,Mechanical Systems Engineer,FACULTY,,
Nathaniel St. John,nstla@cpanel.net,xwN6bJcvS,Male,1987-04-24,Senior Sales Associate,FACULTY,,
Elayne Etoile,eetoilelb@amazon.de,T84QEPHl7Q,Female,1991-11-23,Research Associate,STUDENT,1,BIT
Conrad Chapleo,cchapleolc@symantec.com,uQ98PgNeGB,Male,1986-01-09,Quality Engineer,FACULTY,,
Berny Sowerby,bsowerbyld@cornell.edu,ijOMp3HaaK,Male,1987-08-29,Environmental Tech,FACULTY,,
Keir Rollings,krollingsle@mail.ru,mThZaPVpv,Male,1993-09-29,Software Test Engineer III,STUDENT,1,BIT
Kassey Callen,kcallenlf@ameblo.jp,PHal9A5,Genderqueer,1986-11-07,Recruiter,FACULTY,,
Stephen Marlon,smarlonlg@craigslist.org,xZwn5eGvk,Male,1979-08-23,VP Marketing,FACULTY,,
Cathrin Bucktharp,cbucktharplh@amazonaws.com,54LwKKCqU,Female,1982-01-31,Electrical Engineer,FACULTY,,
Freddi Proby,fprobyli@squidoo.com,IUtae43,Female,1982-07-17,Structural Engineer,FACULTY,,
Gayler Crighten,gcrightenlj@theguardian.com,o1xmGr7MvOB,Male,1991-02-13,Senior Developer,STUDENT,1,BIT
Sutherland Olander,solanderlk@yahoo.com,EzNLRTY7Vaji,Male,1987-11-23,Senior Sales Associate,FACULTY,,
Malvina Tomczykowski,mtomczykowskill@newsvine.com,kD1BpCdXvA,Female,1983-12-22,Professor,FACULTY,,
Morna Whinney,mwhinneylm@kickstarter.com,MH6tfOVDN23,Female,1983-10-10,Quality Engineer,FACULTY,,
Rodd Strutton,rstruttonln@tmall.com,JeLuOCUJg,Bigender,1991-09-26,Assistant Media Planner,STUDENT,1,BIT
Jill Raison,jraisonlo@illinois.edu,Vawc9U21TXH,Female,1997-12-09,Professor,STUDENT,1,BIT
Webb Bispham,wbisphamlp@prweb.com,O6JZt2,Male,1984-11-03,Programmer I,FACULTY,,
Osmund Toohey,otooheylq@rediff.com,FXPUmBA,Male,1980-08-11,Accountant IV,FACULTY,,
Maynard Preble,mpreblelr@canalblog.com,qyPXHZtOMd,Agender,1993-06-06,VP Sales,STUDENT,1,BIT
Fraze Lamble,flamblels@1688.com,DEF4CShAZDF,Male,1999-09-23,Professor,STUDENT,1,BIT
Norrie Matczak,nmatczaklt@wunderground.com,eM197nFp6,Male,1997-01-06,Accounting Assistant I,STUDENT,1,BIT
Bethanne Kilmurray,bkilmurraylu@histats.com,nwk1LyIUy,Female,1994-08-20,Analog Circuit Design manager,STUDENT,1,BIT
Kelsy Assandri,kassandrilv@sogou.com,Y4ugJGkb,Female,1992-02-08,Safety Technician II,STUDENT,1,BIT
Frasier Cant,fcantlw@dailymotion.com,FPzABvci,Male,1985-06-19,Senior Financial Analyst,FACULTY,,
Hashim Boykett,hboykettlx@over-blog.com,kVYxbfHPywI,Male,1992-06-18,Assistant Professor,STUDENT,1,BIT
Fairleigh Seeking,fseekingly@soup.io,OxzzfcGow,Male,1979-10-06,Programmer Analyst II,FACULTY,,
Finlay Ratley,fratleylz@smh.com.au,MHYOapF5JqE,Male,1981-09-26,Web Designer IV,FACULTY,,
Tatum McLese,tmclesem0@zdnet.com,oxiuV4X,Female,2000-02-01,Account Representative I,STUDENT,1,BIT
Adolphus Nashe,anashem1@icq.com,SRQYcplyH,Male,1994-06-14,Assistant Professor,STUDENT,1,BIT
Eirena Eliesco,eeliescom2@google.it,MCCXUSK,Female,1982-02-21,Help Desk Technician,FACULTY,,
Lee Joynson,ljoynsonm3@yellowbook.com,hkTHfhQa5WKn,Female,1981-11-16,Quality Control Specialist,FACULTY,,
Celestina Jarmaine,cjarmainem4@wired.com,9mwvSk,Female,1989-11-04,VP Marketing,STUDENT,1,BIT
Nonna Tysack,ntysackm5@spiegel.de,ra33lLaAG,Female,1983-04-21,Senior Financial Analyst,FACULTY,,
Tabatha Heball,theballm6@vistaprint.com,vhcGo3,Female,1997-06-14,Staff Scientist,STUDENT,1,BIT
Finley Wildt,fwildtm7@sogou.com,DFTT65Lpf,Male,1998-11-23,Technical Writer,STUDENT,1,BIT
Dehlia Armall,darmallm8@digg.com,R5Kxv8arIC16,Female,1984-05-09,Accountant IV,FACULTY,,
Thaddus Songust,tsongustm9@census.gov,Jk5Ywy,Male,1986-02-21,VP Quality Control,FACULTY,,
Elladine Heddy,eheddyma@youtu.be,rGMYXNL5oG,Female,1996-11-14,Tax Accountant,STUDENT,1,BIT
Even Maris,emarismb@europa.eu,ihmXNKdHG,Male,1995-08-31,Chief Design Engineer,STUDENT,1,BIT
Levin Cudmore,lcudmoremc@netscape.com,0UiAdvnnb8U,Male,1990-08-23,Mechanical Systems Engineer,STUDENT,1,BIT
Shayne Antonietti,santoniettimd@goo.gl,vkoXwAE,Genderfluid,1979-04-18,Research Associate,FACULTY,,
Eunice Heams,eheamsme@cornell.edu,VdNPbh078Z,Female,1987-08-01,Librarian,FACULTY,,
Noak Afonso,nafonsomf@google.fr,N4JmxBm0Kt,Male,1986-10-13,Quality Control Specialist,FACULTY,,
Ginger Tomini,gtominimg@cbc.ca,b4LUSrcXk,Polygender,2000-04-25,Technical Writer,STUDENT,1,BIT
Artemus Minton,amintonmh@ask.com,6KzJyyrm3,Male,1986-02-23,Human Resources Manager,FACULTY,,
Willamina Tapsfield,wtapsfieldmi@soundcloud.com,aw4idfXLZl,Female,1987-08-13,Business Systems Development Analyst,FACULTY,,
Gerick Rushmare,grushmaremj@xing.com,MSDKZb,Male,1985-04-30,Paralegal,FACULTY,,
Skylar Cabel,scabelmk@sciencedirect.com,tVbBhDvSo,Male,1994-04-02,Biostatistician I,STUDENT,1,BIT
Maighdiln Willarton,mwillartonml@ameblo.jp,hbZSuSVm3h,Female,1984-05-21,Financial Advisor,FACULTY,,
Ezequiel Gosnoll,egosnollmm@shop-pro.jp,3OTOywAGR,Male,1989-12-02,Geologist II,STUDENT,1,BIT
Gaylor Rea,greamn@amazon.de,Uo20MdlH2yKs,Male,1982-12-09,Graphic Designer,FACULTY,,
Porter Wychard,pwychardmo@marketwatch.com,VFMJLjb,Polygender,1990-04-26,Physical Therapy Assistant,STUDENT,1,BIT
Emlyn Raccio,eracciomp@naver.com,lU2ONi13q,Male,1995-06-14,Quality Engineer,STUDENT,1,BIT
Denver Serrels,dserrelsmq@theguardian.com,sshogUPgo,Genderqueer,1996-07-09,Sales Representative,STUDENT,1,BIT
Jaquith Cogdell,jcogdellmr@weather.com,8HhuNxyOGWV,Female,1990-07-10,Chemical Engineer,STUDENT,1,BIT
Dillie Rountree,drountreems@merriam-webster.com,OJIMEVB,Male,1988-07-12,Marketing Manager,FACULTY,,
Andrea Dalligan,adalliganmt@springer.com,2ele9kj6tUh,Male,1989-10-06,Teacher,STUDENT,1,BIT
Hortensia Blum,hblummu@dell.com,esYFd3,Female,1990-09-24,Editor,STUDENT,1,BIT
Gayla Rolfs,grolfsmv@chronoengine.com,eCMoUm,Female,1993-03-28,Financial Analyst,STUDENT,1,BIT
Ranique Spurway,rspurwaymw@typepad.com,sP7sKto,Female,1982-07-03,Compensation Analyst,FACULTY,,
Sidney Scholig,sscholigmx@wiley.com,WV9UWv2,Male,1988-07-31,VP Marketing,FACULTY,,
Stephi Jakovijevic,sjakovijevicmy@ow.ly,KWWi4xCV,Female,1998-06-27,Marketing Assistant,STUDENT,1,BIT
Wyn Paydon,wpaydonmz@bandcamp.com,CBjw4lNcLN,Male,1986-02-02,Tax Accountant,FACULTY,,
Queenie Kattenhorn,qkattenhornn0@instagram.com,ihFfEMQGo,Bigender,1985-11-25,Administrative Assistant I,FACULTY,,
Drusilla Belbin,dbelbinn1@weebly.com,sumfHwd7O3nf,Female,2000-11-25,Assistant Manager,STUDENT,1,BIT
Lee Fevier,lfeviern2@last.fm,tRTqO63FGx,Male,1984-06-19,Environmental Tech,FACULTY,,
Olav Bodega,obodegan3@auda.org.au,CDShxbtMKIN,Male,1998-04-18,Programmer II,STUDENT,1,BIT
Sigrid De La Salle,sden4@newsvine.com,eEH9FVniYH,Non-binary,2000-05-07,Analyst Programmer,STUDENT,1,BIT
Andree Cayzer,acayzern5@theatlantic.com,dTHnqXNNPqo,Female,1996-10-27,Internal Auditor,STUDENT,1,BIT
Ellie Fagg,efaggn6@digg.com,bw8ck0tuctC,Bigender,1983-12-03,Operator,FACULTY,,
Oralla Pickthorne,opickthornen7@jiathis.com,j0ftdTFyL,Female,1999-10-11,Software Consultant,STUDENT,1,BIT
Donal Gianuzzi,dgianuzzin8@hostgator.com,YoSpDg8LlqbP,Male,1990-07-21,Chief Design Engineer,STUDENT,1,BIT
Ailis Batthew,abatthewn9@scribd.com,DZETde49uFdV,Female,1980-07-23,Actuary,FACULTY,,
Thomasine Patman,tpatmanna@un.org,G7AgSatWY,Female,1987-07-18,Engineer III,FACULTY,,
Kalle Doubrava,kdoubravanb@aol.com,R5tgsQnQ,Male,1980-05-29,Human Resources Assistant IV,FACULTY,,
Corinne Bullier,cbulliernc@histats.com,tbaE5usPclm3,Female,1986-09-17,General Manager,FACULTY,,
Gabriela Sterry,gsterrynd@mapy.cz,e0nQS2Gj,Female,1980-12-06,Statistician III,FACULTY,,
Flinn Canacott,fcanacottne@miitbeian.gov.cn,LwDroKhmAIep,Male,1988-11-06,Professor,FACULTY,,
Rena Riddel,rriddelnf@odnoklassniki.ru,kkKypjEUXS,Female,1996-08-03,Research Associate,STUDENT,1,BIT
Raimondo Joincey,rjoinceyng@ox.ac.uk,vJGhclsMxQIR,Agender,1981-11-25,Mechanical Systems Engineer,FACULTY,,
Jinny Beddow,jbeddownh@blogspot.com,LweTNI,Female,1998-05-12,Nuclear Power Engineer,STUDENT,1,BIT
Deloris Gyurkovics,dgyurkovicsni@macromedia.com,scWWg2ChvE7,Female,1980-09-24,Executive Secretary,FACULTY,,
Bernadine Marrows,bmarrowsnj@netlog.com,jdyxedFoiIe,Female,1992-02-10,Nurse,STUDENT,1,BIT
Annamarie Striker,astrikernk@fema.gov,SoMOYPus,Female,1995-05-31,Account Executive,STUDENT,1,BIT
Rebekkah Kyd,rkydnl@npr.org,hbW0YG3Z,Genderfluid,1991-08-19,Recruiting Manager,STUDENT,1,BIT
Hanson Klewer,hklewernm@quantcast.com,lkKee4dgpT,Male,1990-07-31,Senior Financial Analyst,STUDENT,1,BIT
Fiann Hackett,fhackettnn@weibo.com,3nol9kO4wIIK,Female,1986-05-30,Physical Therapy Assistant,FACULTY,,
Eleanor Osman,eosmanno@hao123.com,XAWBv1m3R,Bigender,1989-10-29,Mechanical Systems Engineer,STUDENT,1,BIT
Brittany Candey,bcandeynp@fda.gov,V7FTUHlx,Female,1988-06-19,Software Engineer II,FACULTY,,
Chadwick Perrone,cperronenq@comcast.net,btp1YHc2A5,Male,1992-08-21,Help Desk Operator,STUDENT,1,BIT
Trudy Andrioni,tandrioninr@psu.edu,xKstKo,Female,1999-09-13,VP Accounting,STUDENT,1,BIT
Linda Tuddenham,ltuddenhamns@businesswire.com,sKLCrnAYl,Female,1990-05-27,Environmental Tech,STUDENT,1,BIT
Frederik Prestwich,fprestwichnt@imgur.com,c0L84puuecw7,Male,1994-08-06,Actuary,STUDENT,1,BIT
Jamie Syddall,jsyddallnu@tinypic.com,M3aIphf2TA,Female,1987-11-10,Sales Associate,FACULTY,,
Cristin Berends,cberendsnv@jiathis.com,xb9X0CelIL42,Female,1998-07-31,Human Resources Assistant I,STUDENT,1,BIT
Lewie Sommers,lsommersnw@usnews.com,im1CoiNTvO,Male,1980-05-02,Physical Therapy Assistant,FACULTY,,
Boycey Jahn,bjahnnx@ebay.co.uk,WR5ggI0gbJMj,Male,1984-11-23,Librarian,FACULTY,,
Debee Di Maggio,ddiny@symantec.com,DXjplQs3Ez,Female,1995-01-09,VP Sales,STUDENT,1,BIT
Nike Lant,nlantnz@yahoo.co.jp,zSyY5otH9Cb,Female,1996-05-27,Environmental Specialist,STUDENT,1,BIT
Keary Saggers,ksaggerso0@ifeng.com,Juq0OV7i,Male,1981-05-02,Clinical Specialist,FACULTY,,
Spence Beldum,sbeldumo1@drupal.org,McVu0VeFRw,Male,1980-11-20,Help Desk Operator,FACULTY,,
Lurleen Hoggan,lhoggano2@wufoo.com,IKiVuIO,Female,1987-02-14,Assistant Media Planner,FACULTY,,
Ailbert Cornall,acornallo3@scribd.com,ordM2wCwpfIG,Male,1988-07-08,Professor,FACULTY,,
Pieter Segge,pseggeo4@sourceforge.net,Zn3uXjUUwR4,Male,1996-10-06,Editor,STUDENT,1,BIT
Felicio Taylo,ftayloo5@stanford.edu,x8a5fi,Male,1982-03-25,Senior Developer,FACULTY,,
Gwyneth Hartright,ghartrighto6@marketwatch.com,DP3FniF,Female,1995-10-25,Statistician III,STUDENT,1,BIT
Gerald Dionisio,gdionisioo7@plala.or.jp,57cHqwnCwqES,Male,1986-05-22,Research Assistant II,FACULTY,,
Katrinka Kinleyside,kkinleysideo8@whitehouse.gov,PZanVqQ58N8,Female,1984-08-01,Engineer II,FACULTY,,
Sander Atkyns,satkynso9@wunderground.com,LPqTtF8Rx,Male,1983-06-29,VP Quality Control,FACULTY,,
Gus Marchington,gmarchingtonoa@multiply.com,azRnOGkzhe0,Male,1996-01-14,Safety Technician I,STUDENT,1,BIT
Norby Fawdery,nfawderyob@deviantart.com,ByMGgpRllu,Male,1997-03-18,Pharmacist,STUDENT,1,BIT
Maxy Atty,mattyoc@samsung.com,2sg3X8S,Female,1990-08-11,Computer Systems Analyst I,STUDENT,1,BIT
Charlot Gotecliffe,cgotecliffeod@yellowpages.com,RwymoM,Female,1989-01-01,Paralegal,FACULTY,,
Stephanus Fairholm,sfairholmoe@cdbaby.com,mS36ERqVn,Male,1990-08-07,Structural Engineer,STUDENT,1,BIT
Lutero Sterman,lstermanof@nymag.com,2vUpAECWL,Male,1998-04-24,Account Coordinator,STUDENT,1,BIT
Pauly Priestnall,ppriestnallog@mozilla.org,JJLn7YEw3I,Male,1997-04-04,Help Desk Operator,STUDENT,1,BIT
Obed Klemencic,oklemencicoh@sbwire.com,Eo3HX9,Male,1982-04-27,Pharmacist,FACULTY,,
Hayes Salzberger,hsalzbergeroi@simplemachines.org,DFpVzmN5Gzz,Male,1990-09-18,Human Resources Assistant III,STUDENT,1,BIT
Isabella Tailby,itailbyoj@alexa.com,4gVtz7,Female,1998-02-16,Technical Writer,STUDENT,1,BIT
Julianna McCullen,jmccullenok@naver.com,WKxpda5x,Female,1988-02-14,Engineer III,FACULTY,,
Neill Walford,nwalfordol@abc.net.au,bw8VPVDIcP,Male,1995-06-25,Desktop Support Technician,STUDENT,1,BIT
Norton Ethelstone,nethelstoneom@surveymonkey.com,OMVFY18dd,Male,1980-06-13,Recruiter,FACULTY,,
Reinaldo Masdin,rmasdinon@woothemes.com,fgtoovL,Male,1987-05-10,Analog Circuit Design manager,FACULTY,,
Arturo Fishe,afisheoo@weebly.com,dxd3dfp6S,Male,1979-12-21,Senior Sales Associate,FACULTY,,
Sindee Margrie,smargrieop@tamu.edu,fGkQJb,Female,1983-07-09,Nuclear Power Engineer,FACULTY,,
Shir Pordall,spordalloq@unicef.org,QBqYZD,Female,1992-01-10,Nurse Practicioner,STUDENT,1,BIT
Kele Keates,kkeatesor@alibaba.com,Yw7vqvliC,Male,1986-12-19,Automation Specialist IV,FACULTY,,
Dulcea Colhoun,dcolhounos@pen.io,5jk64s2Q,Female,1980-10-02,Marketing Manager,FACULTY,,
Merrick Mockler,mmocklerot@unc.edu,nLkK8d,Male,1997-10-24,Junior Executive,STUDENT,1,BIT
Micheal Pantry,mpantryou@ucla.edu,esl1pyidTE1,Male,1991-03-17,Clinical Specialist,STUDENT,1,BIT
Paige Booler,pboolerov@google.it,q1fJxhFP,Male,1997-10-19,Legal Assistant,STUDENT,1,BIT
Lindsey Tarquini,ltarquiniow@reference.com,GFU3ZPzq5K,Male,1998-12-02,Computer Systems Analyst III,STUDENT,1,BIT
Brynn Handes,bhandesox@nationalgeographic.com,rHVupNb,Female,1994-08-30,Director of Sales,STUDENT,1,BIT
Elston Jarratt,ejarrattoy@toplist.cz,9ZheI0O37,Male,1993-04-30,Software Engineer III,STUDENT,1,BIT
Thorin Casaroli,tcasarolioz@house.gov,nG3Bgc,Male,1979-12-26,Staff Scientist,FACULTY,,
Bram Drackford,bdrackfordp0@ovh.net,wLH6UXP6oaMe,Male,1981-03-19,Executive Secretary,FACULTY,,
Sullivan Pain,spainp1@skype.com,KhUrH8,Male,1985-03-03,Legal Assistant,FACULTY,,
Chantalle Francke,cfranckep2@seattletimes.com,poXbUCs2,Female,1980-10-20,Internal Auditor,FACULTY,,
Francyne Le Blond,flep3@multiply.com,C3N8Uoc7eCh,Female,1983-01-28,Safety Technician IV,FACULTY,,
Cloe Syddie,csyddiep4@go.com,7n1A4JpZ,Female,1987-05-07,VP Marketing,FACULTY,,
Ahmed Brevetor,abrevetorp5@boston.com,JSxRsEzKkLHF,Male,1999-09-02,Project Manager,STUDENT,1,BIT
Emyle Michael,emichaelp6@hugedomains.com,zazfU0i8Z,Female,1995-03-02,Clinical Specialist,STUDENT,1,BIT
Imogene Abry,iabryp7@sciencedirect.com,ilCAGNdYJcwy,Female,1981-06-08,Administrative Assistant II,FACULTY,,
Waylan Powelee,wpoweleep8@addthis.com,bj7PCgT4,Male,2000-06-05,Structural Analysis Engineer,STUDENT,1,BIT
Florence Fumagall,ffumagallp9@globo.com,vdKTApW,Female,1983-01-13,Teacher,FACULTY,,
Agatha Watchorn,awatchornpa@1und1.de,1h7CBCpV2LCo,Female,1988-12-12,Help Desk Technician,FACULTY,,
Vanya Marrable,vmarrablepb@disqus.com,ummmiqE3,Genderqueer,1987-05-06,Dental Hygienist,FACULTY,,
Alastair De la Harpe,adepc@barnesandnoble.com,Sb5O40bnESM,Non-binary,1998-11-04,Help Desk Technician,STUDENT,1,BIT
Francyne Grimstead,fgrimsteadpd@icio.us,K36A7l,Genderfluid,1983-04-22,Statistician III,FACULTY,,
Francklyn Baldam,fbaldampe@myspace.com,CieXUAuAJiYi,Male,1989-09-02,Sales Representative,STUDENT,1,BIT
Valery Bowskill,vbowskillpf@constantcontact.com,Ck0ekbAtz8,Female,1985-04-14,Programmer II,FACULTY,,
Allegra Starrs,astarrspg@skyrock.com,9cAzXSZK,Female,1983-05-23,Senior Financial Analyst,FACULTY,,
Neils Mildner,nmildnerph@vimeo.com,2Fwj4yJw,Male,1990-06-02,Tax Accountant,STUDENT,1,BIT
Bradly Chalcraft,bchalcraftpi@tiny.cc,ZWhSMHuq,Male,2001-03-31,VP Sales,STUDENT,1,BIT
Karl Scotford,kscotfordpj@google.ca,sRUxsHIM0QW,Male,2001-04-10,Analog Circuit Design manager,STUDENT,1,BIT
Anatola Shalloe,ashalloepk@umn.edu,fWYe9oHpFH,Polygender,1992-10-06,Geological Engineer,STUDENT,1,BIT
Elbertina Benezeit,ebenezeitpl@hexun.com,awFwUJEXlww,Female,1989-11-03,Speech Pathologist,STUDENT,1,BIT
Thornton Wane,twanepm@imageshack.us,1TnTtqTnFqa4,Male,1982-05-06,Project Manager,FACULTY,,
Elvina Hymas,ehymaspn@economist.com,HRJcy8w,Female,1987-10-04,Product Engineer,FACULTY,,
Tomkin Vinas,tvinaspo@ca.gov,DrL0Uy6N,Male,1981-03-23,Chief Design Engineer,FACULTY,,
Charlotta Royden,croydenpp@spotify.com,knYPtOqr,Female,1997-11-11,Executive Secretary,STUDENT,1,BIT
Craggie Housin,chousinpq@free.fr,HxCe2o2sm6P,Male,1994-02-23,Staff Scientist,STUDENT,1,BIT
Francyne Switsur,fswitsurpr@histats.com,rulj2FnKtF,Female,1993-03-13,Geologist IV,STUDENT,1,BIT
Esra Clyde,eclydeps@boston.com,PjstlXGx53,Male,1999-02-26,Product Engineer,STUDENT,1,BIT
Armin Birmingham,abirminghampt@unblog.fr,6qBtB8rsOb,Male,1993-09-29,Analog Circuit Design manager,STUDENT,1,BIT
Petronille Gregr,pgregrpu@springer.com,hV8MR1,Female,1995-03-15,Analog Circuit Design manager,STUDENT,1,BIT
Maynord Northey,mnortheypv@yellowbook.com,pbgU22mKfgt,Male,2000-09-08,Analog Circuit Design manager,STUDENT,1,BIT
Margarita Hews,mhewspw@irs.gov,vljrfyH,Female,1991-05-22,Environmental Specialist,STUDENT,1,BIT
Shepard Banaszczyk,sbanaszczykpx@virginia.edu,qkqktdXeq,Male,1993-03-16,Staff Scientist,STUDENT,1,BIT
Perri Tyce,ptycepy@chron.com,dCxbcDVUM,Female,1983-06-15,Technical Writer,FACULTY,,
Jasun Handford,jhandfordpz@list-manage.com,GKfrtzL8,Male,1989-12-08,Analog Circuit Design manager,STUDENT,1,BIT
Ainslee McGonigle,amcgonigleq0@latimes.com,1FinjtqNIjD,Bigender,1997-04-08,Sales Associate,STUDENT,1,BIT
Carlo Seth,csethq1@va.gov,4b0ejU2rfFQ8,Male,1982-12-14,Analog Circuit Design manager,FACULTY,,
Cyndie Brydon,cbrydonq2@topsy.com,UlXnMkozK,Female,2000-05-06,Health Coach IV,STUDENT,1,BIT
Bernadene Ashcroft,bashcroftq3@godaddy.com,Vhu8tlI,Female,1997-11-16,Quality Engineer,STUDENT,1,BIT
Ewell Neiland,eneilandq4@opensource.org,5LA47Zfz,Male,1991-01-02,Assistant Professor,STUDENT,1,BIT
Willetta Bleasdille,wbleasdilleq5@exblog.jp,0mTCkSrN,Female,1988-06-18,Accounting Assistant I,FACULTY,,
Filippa Saggs,fsaggsq6@disqus.com,LjULlyJwRf1,Female,1990-08-04,Senior Editor,STUDENT,1,BIT
Marje Chell,mchellq7@gnu.org,xPPABMbBOG,Female,1981-12-12,Sales Associate,FACULTY,,
Valaree Graddon,vgraddonq8@latimes.com,pFabyh,Female,2000-02-05,Civil Engineer,STUDENT,1,BIT
Rosabel Ashe,rasheq9@ycombinator.com,HhiZu2eDo,Female,1996-10-15,Financial Advisor,STUDENT,1,BIT
Teodoor Cragell,tcragellqa@seesaa.net,FNDYqcfi0ewr,Male,2001-01-14,Research Assistant I,STUDENT,1,BIT
Kirsteni Merryweather,kmerryweatherqb@weibo.com,1f0rtuVBTCrI,Female,1989-03-08,Sales Representative,FACULTY,,
Leicester Strettell,lstrettellqc@123-reg.co.uk,lWvXFPy7Sz,Male,1981-02-14,Biostatistician IV,FACULTY,,
Akim Gasker,agaskerqd@nhs.uk,cXbQqj5CNJ,Male,1991-09-20,Research Assistant III,STUDENT,1,BIT
Tandie Sharvell,tsharvellqe@meetup.com,MNsOXgsI,Female,1993-06-18,Research Associate,STUDENT,1,BIT
Bernadene Bisacre,bbisacreqf@slashdot.org,jxXjdT0xT,Female,2001-03-18,Research Nurse,STUDENT,1,BIT
Pooh Ruecastle,pruecastleqg@cocolog-nifty.com,PzHdAzEt,Male,1994-01-11,Executive Secretary,STUDENT,1,BIT
Guido Fortescue,gfortescueqh@cdc.gov,AyT7Cf,Male,1990-06-13,VP Accounting,STUDENT,1,BIT
Davide Grahlman,dgrahlmanqi@bluehost.com,rYPURwbDUQNs,Male,1987-06-07,Desktop Support Technician,FACULTY,,
Colan Longmuir,clongmuirqj@mapy.cz,W8DKXyXNYd,Male,1994-02-27,Senior Quality Engineer,STUDENT,1,BIT
Fabien Slatten,fslattenqk@dropbox.com,qLy7MoT,Male,2000-07-25,Pharmacist,STUDENT,1,BIT
Gibbie Roslen,groslenql@youtu.be,wjbjxr,Male,1998-02-04,Budget/Accounting Analyst III,STUDENT,1,BIT
Noah Greenwell,ngreenwellqm@virginia.edu,raFq8V,Male,1985-03-29,VP Quality Control,FACULTY,,
Persis Muncer,pmuncerqn@ovh.net,ETXOfBSpf8D,Female,1985-06-16,Financial Advisor,FACULTY,,
Candida De Francesco,cdeqo@whitehouse.gov,tXzUAwj5dFP5,Female,1982-11-07,Media Manager II,FACULTY,,
Horst Egar,hegarqp@squarespace.com,VSyczoY,Male,1997-09-04,Director of Sales,STUDENT,1,BIT
Andriette Menendez,amenendezqq@goodreads.com,9KA5flUoB,Female,1989-06-15,Programmer IV,STUDENT,1,BIT
Barbie Palombi,bpalombiqr@goo.ne.jp,t6IMcoSb,Female,1984-04-09,Account Representative III,FACULTY,,
Lorelei Conneely,lconneelyqs@g.co,lvc96KYXN8Kl,Non-binary,2000-12-09,VP Marketing,STUDENT,1,BIT
Hadlee Beine,hbeineqt@soundcloud.com,ZwmpFtVC,Male,1991-02-11,Nurse Practicioner,STUDENT,1,BIT
Lorain Mechic,lmechicqu@imdb.com,AoW3XoNLC6ad,Female,1981-10-05,Nuclear Power Engineer,FACULTY,,
Alonzo Aiken,aaikenqv@japanpost.jp,3vHq4dtG0,Genderfluid,2000-04-04,Physical Therapy Assistant,STUDENT,1,BIT
Ilka Giacopelo,igiacopeloqw@shareasale.com,6rl0G66qFw,Female,1989-03-13,Accountant I,FACULTY,,
Lamar Skokoe,lskokoeqx@webmd.com,E58R6tK4A,Male,1987-03-30,Cost Accountant,FACULTY,,
Rochette Marfield,rmarfieldqy@goo.ne.jp,zhQ4Btiiuh,Female,1994-03-19,Budget/Accounting Analyst III,STUDENT,1,BIT
Gustavus O'Grada,gogradaqz@multiply.com,mjs8Mg7AA,Male,1993-06-23,Recruiter,STUDENT,1,BIT
Milka Carefull,mcarefullr0@github.com,YAiYFjZhRS,Female,1993-05-24,Computer Systems Analyst IV,STUDENT,1,BIT
Stormie McGenis,smcgenisr1@tinyurl.com,ZS7MKwSg,Female,1981-01-19,VP Marketing,FACULTY,,
Leola Thorneley,lthorneleyr2@godaddy.com,FRB7HT,Non-binary,1986-03-13,Analog Circuit Design manager,FACULTY,,
Theodosia Pestridge,tpestridger3@booking.com,ZBfActXbz,Female,1994-12-10,Librarian,STUDENT,1,BIT
Emilia Dickens,edickensr4@japanpost.jp,qtQhtJbX,Female,1981-12-12,Director of Sales,FACULTY,,
Jethro Fortey,jforteyr5@weebly.com,hKSjc2rPUeA,Male,1995-09-01,VP Sales,STUDENT,1,BIT
Mannie Millthorpe,mmillthorper6@prlog.org,PDqABRL,Male,1998-06-05,Associate Professor,STUDENT,1,BIT
Rivy Harford,rharfordr7@pagesperso-orange.fr,Ua0r4v2UUGH,Female,1985-09-24,Health Coach I,FACULTY,,
Gayleen Mourbey,gmourbeyr8@newsvine.com,ozCSt4Ijgv7g,Female,1997-05-22,Recruiter,STUDENT,1,BIT
Antonietta Jillitt,ajillittr9@is.gd,B9ClEyfjIiJ,Female,1984-06-15,Media Manager III,FACULTY,,
Ursala Sawter,usawterra@reuters.com,xDfUnBGkb,Female,1982-01-03,Account Executive,FACULTY,,
Valdemar Baythorp,vbaythorprb@nytimes.com,aPOc0zC,Male,1991-04-09,Administrative Officer,STUDENT,1,BIT
Raf Ziemens,rziemensrc@gravatar.com,21CfYvhx,Female,1981-09-16,General Manager,FACULTY,,
Ethyl Dawid,edawidrd@statcounter.com,fQ5ezkklk,Female,2000-08-15,Assistant Media Planner,STUDENT,1,BIT
Hube Duigan,hduiganre@zdnet.com,a4nv2o6MJIGa,Male,1985-01-12,Technical Writer,FACULTY,,
Godart Agostini,gagostinirf@harvard.edu,OoHy5yqZD6,Male,1997-01-09,Assistant Manager,STUDENT,1,BIT
Kariotta Coverly,kcoverlyrg@google.ru,MaBcPgZqfQ,Female,1989-03-06,Senior Quality Engineer,FACULTY,,
Elset Coggan,ecogganrh@stanford.edu,4YRL9iwrQ9n,Female,2001-02-02,Assistant Professor,STUDENT,1,BIT
Obadiah Biasini,obiasiniri@microsoft.com,8O56JEPuoHOd,Male,1994-04-05,Marketing Assistant,STUDENT,1,BIT
Cleon Boyan,cboyanrj@bluehost.com,T7OdXguaQ,Male,1981-01-01,Safety Technician II,FACULTY,,
Aubert Burrel,aburrelrk@biblegateway.com,cGsXUkOyS,Male,1992-08-18,Human Resources Manager,STUDENT,1,BIT
Evaleen Wassung,ewassungrl@ca.gov,FMXh1F3WwEP,Female,1994-01-01,Staff Scientist,STUDENT,1,BIT
Courtney Duplain,cduplainrm@slate.com,rCJGrj,Genderqueer,1999-03-10,Office Assistant II,STUDENT,1,BIT
Neron Deery,ndeeryrn@wiley.com,17dgrVN0,Male,1981-07-22,Marketing Manager,FACULTY,,
Annabelle Streatley,astreatleyro@cpanel.net,gc09Kxyf,Non-binary,1994-04-27,Automation Specialist IV,STUDENT,1,BIT
Menard Fonte,mfonterp@indiatimes.com,aNHzaFU,Male,1985-03-26,Civil Engineer,FACULTY,,
Dougy Ive,diverq@ask.com,YiQlWX7,Male,1983-04-16,Senior Cost Accountant,FACULTY,,
Ham Kither,hkitherrr@google.ru,sFRQFV,Male,1984-10-01,Marketing Assistant,FACULTY,,
